9,읍면동,리,건축면적(제곱미터),주택유형,등급판정결과,관리기관명,관리기관 전화번호,데이터 기준일,위도,경도,주변 편의시설 개수,유동인구,age20,age30,age40,age50,age60,ageEtc,targetAge,price
읍면,풍기읍,교촌리,,그 외,3등급,경상북도 영주시청,054-639-6944,2025-07-10,36.884384,128.534656,39,32,11.66,11.7,14.57,23.32,22.43,16.31,"50, 60","23,800"
읍면,풍기읍,교촌리,,그 외,1등급,경상북도 영주시청,054-639-6944,2025-07-10,36.884384,128.534656,39,65,11.66,11.7,14.57,23.32,22.43,16.31,"50, 60","23,800"
읍면,풍기읍,교촌리,39,단독,1등급,경상북도 영주시청,054-639-6944,2025-07-10,36.884384,128.534656,39,25,11.66,11.7,14.57,23.32,22.43,16.31,"50, 60","23,800"
읍면,풍기읍,금계리,26.78,단독,3등급,경상북도 영주시청,054-639-6944,2025-07-10,36.897938,128.522879,10,3,11.66,11.7,14.57,23.32,22.43,16.31,"50, 60","11,388"
읍면,풍기읍,금계리,,그 외,2등급,경상북도 영주시청,054-639-6944,2025-07-10,36.897938,128.522879,10,33,11.66,11.7,14.57,23.32,22.43,16.31,"50, 60","11,388"
읍면,풍기읍,금계리,,그 외,3등급,경상북도 영주시청,054-639-6944,2025-07-10,36.897938,128.522879,10,28,11.66,11.7,14.57,23.32,22.43,16.31,"50, 60","11,388"
읍면,풍기읍,금계리,57.33,단독,2등급,경상북도 영주시청,054-639-6944,2025-07-10,36.897938,128.522879,10,4,11.66,11.7,14.57,23.32,22.43,16.31,"50, 60","11,388"
읍면,풍기읍,금계리,,그 외,3등급,경상북도 영주시청,054-639-6944,2025-07-10,36.897938,128.522879,10,2,11.66,11.7,14.57,23.32,22.43,16.31,"50, 60","11,388"
읍면,풍기읍,금계리,,그 외,2등급,경상북도 영주시청,054-639-6944,2025-07-10,36.897938,128.522879,10,30,11.66,11.7,14.57,23.32,22.43,16.31,"50, 60","11,388"
읍면,풍기읍,금계리,93.22,단독,3등급,경상북도 영주시청,054-639-6944,2025-07-10,36.897938,128.522879,10,17,11.66,11.7,14.57,23.32,22.43,16.31,"50, 60","11,388"
읍면,풍기읍,금계리,,그 외,2등급,경상북도 영주시청,054-639-6944,2025-07-10,36.897938,128.522879,10,59,11.66,11.7,14.57,23.32,22.43,16.31,"50, 60","11,388"
읍면,풍기읍,금계리,,단독,3등급,경상북도 영주시청,054-639-6944,2025-07-10,36.897938,128.522879,10,2,11.66,11.7,14.57,23.32,22.43,16.31,"50, 60","11,388"
읍면,풍기읍,동부리,,그 외,4등급,경상북도 영주시청,054-639-6944,2025-07-10,36.867970,128.536045,239,54,11.66,11.7,14.57,23.32,22.43,16.31,"50, 60","7,000"
읍면,풍기읍,동부리,,그 외,1등급,경상북도 영주시청,054-639-6944,2025-07-10,36.867970,128.536045,239,26,11.66,11.7,14.57,23.32,22.43,16.31,"50, 60","7,000"
읍면,풍기읍,동부리,29.73,단독,1등급,경상북도 영주시청,054-639-6944,2025-07-10,36.867970,128.536045,239,34,11.66,11.7,14.57,23.32,22.43,16.31,"50, 60","7,000"
읍면,풍기읍,동부리,26.45,단독,3등급,경상북도 영주시청,054-639-6944,2025-07-10,36.867970,128.536045,239,48,11.66,11.7,14.57,23.32,22.43,16.31,"50, 60","7,000"
읍면,풍기읍,동부리,166.98,단독,2등급,경상북도 영주시청,054-639-6944,2025-07-10,36.867970,128.536045,239,9,11.66,11.7,14.57,23.32,22.43,16.31,"50, 60","7,000"
읍면,풍기읍,동부리,90.72,단독,1등급,경상북도 영주시청,054-639-6944,2025-07-10,36.867970,128.536045,239,16,11.66,11.7,14.57,23.32,22.43,16.31,"50, 60","7,000"
읍면,풍기읍,동부리,53.22,그 외,2등급,경상북도 영주시청,054-639-6944,2025-07-10,36.867970,128.536045,239,25,11.66,11.7,14.57,23.32,22.43,16.31,"50, 60","7,000"
읍면,풍기읍,동부리,38.51,단독,2등급,경상북도 영주시청,054-639-6944,2025-07-10,36.867970,128.536045,239,1,11.66,11.7,14.57,23.32,22.43,16.31,"50, 60","7,000"
읍면,풍기읍,동부리,26.78,단독,4등급,경상북도 영주시청,054-639-6944,2025-07-10,36.867970,128.536045,239,2,11.66,11.7,14.57,23.32,22.43,16.31,"50, 60","7,000"
읍면,풍기읍,동부리,55.6,단독,1등급,경상북도 영주시청,054-639-6944,2025-07-10,36.867970,128.536045,239,15,11.66,11.7,14.57,23.32,22.43,16.31,"50, 60","7,000"
읍면,풍기읍,동부리,,그 외,4등급,경상북도 영주시청,054-639-6944,2025-07-10,36.867970,128.536045,239,25,11.66,11.7,14.57,23.32,22.43,16.31,"50, 60","7,000"
읍면,풍기읍,동부리,44.36,단독,3등급,경상북도 영주시청,054-639-6944,2025-07-10,36.867970,128.536045,239,43,11.66,11.7,14.57,23.32,22.43,16.31,"50, 60","7,000"
읍면,풍기읍,동부리,,그 외,1등급,경상북도 영주시청,054-639-6944,2025-07-10,36.867970,128.536045,239,2,11.66,11.7,14.57,23.32,22.43,16.31,"50, 60","7,000"
읍면,풍기읍,동부리,,그 외,1등급,경상북도 영주시청,054-639-6944,2025-07-10,36.867970,128.536045,239,57,11.66,11.7,14.57,23.32,22.43,16.31,"50, 60","7,000"
읍면,풍기읍,동부리,16.5,단독,1등급,경상북도 영주시청,054-639-6944,2025-07-10,36.867970,128.536045,239,70,11.66,11.7,14.57,23.32,22.43,16.31,"50, 60","7,000"
읍면,풍기읍,동부리,58.22,단독,1등급,경상북도 영주시청,054-639-6944,2025-07-10,36.867970,128.536045,239,1,11.66,11.7,14.57,23.32,22.43,16.31,"50, 60","7,000"
읍면,풍기읍,동부리,,그 외,2등급,경상북도 영주시청,054-639-6944,2025-07-10,36.867970,128.536045,239,51,11.66,11.7,14.57,23.32,22.43,16.31,"50, 60","7,000"
읍면,풍기읍,동부리,82.89,단독,1등급,경상북도 영주시청,054-639-6944,2025-07-10,36.867970,128.536045,239,41,11.66,11.7,14.57,23.32,22.43,16.31,"50, 60","7,000"
읍면,풍기읍,동부리,,그 외,2등급,경상북도 영주시청,054-639-6944,2025-07-10,36.867970,128.536045,239,14,11.66,11.7,14.57,23.32,22.43,16.31,"50, 60","7,000"
읍면,풍기읍,동부리,25.12,단독,3등급,경상북도 영주시청,054-639-6944,2025-07-10,36.867970,128.536045,239,16,11.66,11.7,14.57,23.32,22.43,16.31,"50, 60","7,000"
읍면,풍기읍,동부리,39.67,단독,2등급,경상북도 영주시청,054-639-6944,2025-07-10,36.867970,128.536045,239,45,11.66,11.7,14.57,23.32,22.43,16.31,"50, 60","7,000"
읍면,풍기읍,동부리,21.49,단독,3등급,경상북도 영주시청,054-639-6944,2025-07-10,36.867970,128.536045,239,78,11.66,11.7,14.57,23.32,22.43,16.31,"50, 60","7,000"
읍면,풍기읍,동부리,79,단독,1등급,경상북도 영주시청,054-639-6944,2025-07-10,36.867970,128.536045,239,5,11.66,11.7,14.57,23.32,22.43,16.31,"50, 60","7,000"
읍면,풍기읍,동부리,30.74,단독,2등급,경상북도 영주시청,054-639-6944,2025-07-10,36.867970,128.536045,239,49,11.66,11.7,14.57,23.32,22.43,16.31,"50, 60","7,000"
읍면,풍기읍,동부리,27.57,단독,4등급,경상북도 영주시청,054-639-6944,2025-07-10,36.867970,128.536045,239,14,11.66,11.7,14.57,23.32,22.43,16.31,"50, 60","7,000"
읍면,풍기읍,동부리,,그 외,2등급,경상북도 영주시청,054-639-6944,2025-07-10,36.867970,128.536045,239,15,11.66,11.7,14.57,23.32,22.43,16.31,"50, 60","7,000"
읍면,풍기읍,동부리,86.03,단독,2등급,경상북도 영주시청,054-639-6944,2025-07-10,36.867970,128.536045,239,5,11.66,11.7,14.57,23.32,22.43,16.31,"50, 60","7,000"
읍면,풍기읍,동부리,23.14,단독,3등급,경상북도 영주시청,054-639-6944,2025-07-10,36.867970,128.536045,239,14,11.66,11.7,14.57,23.32,22.43,16.31,"50, 60","7,000"
읍면,풍기읍,동부리,,그 외,2등급,경상북도 영주시청,054-639-6944,2025-07-10,36.867970,128.536045,239,63,11.66,11.7,14.57,23.32,22.43,16.31,"50, 60","7,000"
읍면,풍기읍,동부리,46.8,단독,4등급,경상북도 영주시청,054-639-6944,2025-07-10,36.867970,128.536045,239,61,11.66,11.7,14.57,23.32,22.43,16.31,"50, 60","7,000"
읍면,풍기읍,동부리,79.54,단독,1등급,경상북도 영주시청,054-639-6944,2025-07-10,36.867970,128.536045,239,9,11.66,11.7,14.57,23.32,22.43,16.31,"50, 60","7,000"
읍면,풍기읍,동부리,31.16,단독,2등급,경상북도 영주시청,054-639-6944,2025-07-10,36.867970,128.536045,239,19,11.66,11.7,14.57,23.32,22.43,16.31,"50, 60","7,000"
읍면,풍기읍,동부리,66.12,그 외,2등급,경상북도 영주시청,054-639-6944,2025-07-10,36.867970,128.536045,239,77,11.66,11.7,14.57,23.32,22.43,16.31,"50, 60","7,000"
읍면,풍기읍,동부리,35.7,단독,3등급,경상북도 영주시청,054-639-6944,2025-07-10,36.867970,128.536045,239,6,11.66,11.7,14.57,23.32,22.43,16.31,"50, 60","7,000"
읍면,풍기읍,동부리,27.77,단독,2등급,경상북도 영주시청,054-639-6944,2025-07-10,36.867970,128.536045,239,62,11.66,11.7,14.57,23.32,22.43,16.31,"50, 60","7,000"
읍면,풍기읍,동부리,,그 외,1등급,경상북도 영주시청,054-639-6944,2025-07-10,36.867970,128.536045,239,29,11.66,11.7,14.57,23.32,22.43,16.31,"50, 60","7,000"
읍면,풍기읍,동부리,,그 외,2등급,경상북도 영주시청,054-639-6944,2025-07-10,36.867970,128.536045,239,16,11.66,11.7,14.57,23.32,22.43,16.31,"50, 60","7,000"
읍면,풍기읍,동부리,30.08,단독,2등급,경상북도 영주시청,054-639-6944,2025-07-10,36.867970,128.536045,239,22,11.66,11.7,14.57,23.32,22.43,16.31,"50, 60","7,000"
읍면,풍기읍,동부리,,그 외,2등급,경상북도 영주시청,054-639-6944,2025-07-10,36.867970,128.536045,239,24,11.66,11.7,14.57,23.32,22.43,16.31,"50, 60","7,000"
읍면,풍기읍,미곡리,99,그 외,2등급,경상북도 영주시청,054-639-6944,2025-07-10,36.895578,128.543516,6,21,11.66,11.7,14.57,23.32,22.43,16.31,"50, 60","14,500"
읍면,풍기읍,미곡리,123.97,단독,4등급,경상북도 영주시청,054-639-6944,2025-07-10,36.895578,128.543516,6,42,11.66,11.7,14.57,23.32,22.43,16.31,"50, 60","14,500"
읍면,풍기읍,미곡리,40.99,단독,3등급,경상북도 영주시청,054-639-6944,2025-07-10,36.895578,128.543516,6,66,11.66,11.7,14.57,23.32,22.43,16.31,"50, 60","14,500"
읍면,풍기읍,미곡리,,그 외,3등급,경상북도 영주시청,054-639-6944,2025-07-10,36.895578,128.543516,6,11,11.66,11.7,14.57,23.32,22.43,16.31,"50, 60","14,500"
읍면,풍기읍,미곡리,,그 외,2등급,경상북도 영주시청,054-639-6944,2025-07-10,36.895578,128.543516,6,26,11.66,11.7,14.57,23.32,22.43,16.31,"50, 60","14,500"
읍면,풍기읍,백리,,그 외,2등급,경상북도 영주시청,054-639-6944,2025-07-10,36.877690,128.506520,25,57,11.66,11.7,14.57,23.32,22.43,16.31,"50, 60","14,500"
읍면,풍기읍,백리,,그 외,2등급,경상북도 영주시청,054-639-6944,2025-07-10,36.877690,128.506520,7,9,11.66,11.7,14.57,23.32,22.43,16.31,"50, 60","14,500"
읍면,풍기읍,백리,,그 외,3등급,경상북도 영주시청,054-639-6944,2025-07-10,36.877690,128.506520,7,30,11.66,11.7,14.57,23.32,22.43,16.31,"50, 60","14,500"
읍면,풍기읍,백리,69.7,단독,1등급,경상북도 영주시청,054-639-6944,2025-07-10,36.877690,128.506520,7,78,11.66,11.7,14.57,23.32,22.43,16.31,"50, 60","14,500"
읍면,풍기읍,백리,66.12,단독,4등급,경상북도 영주시청,054-639-6944,2025-07-10,36.877690,128.506520,7,97,11.66,11.7,14.57,23.32,22.43,16.31,"50, 60","14,500"
읍면,풍기읍,백리,26.45,단독,1등급,경상북도 영주시청,054-639-6944,2025-07-10,36.877690,128.506520,7,45,11.66,11.7,14.57,23.32,22.43,16.31,"50, 60","14,500"
읍면,풍기읍,백신리,,그 외,2등급,경상북도 영주시청,054-639-6944,2025-07-10,36.879551,128.499326,9,49,11.66,11.7,14.57,23.32,22.43,16.31,"50, 60","1,900"
읍면,풍기읍,산법리,,그 외,2등급,경상북도 영주시청,054-639-6944,2025-07-10,36.878024,128.541155,2,14,11.66,11.7,14.57,23.32,22.43,16.31,"50, 60","30,000"
읍면,풍기읍,삼가리,15.87,단독,3등급,경상북도 영주시청,054-639-6944,2025-07-10,36.922074,128.506713,2,11,11.66,11.7,14.57,23.32,22.43,16.31,"50, 60","1,400"
읍면,풍기읍,삼가리,18.2,단독,4등급,경상북도 영주시청,054-639-6944,2025-07-10,36.922074,128.506713,2,63,11.66,11.7,14.57,23.32,22.43,16.31,"50, 60","1,400"
읍면,풍기읍,서부리,117.69,그 외,3등급,경상북도 영주시청,054-639-6944,2025-07-10,36.874385,128.525379,311,12,11.66,11.7,14.57,23.32,22.43,16.31,"50, 60","19,000"
읍면,풍기읍,서부리,68.76,단독,2등급,경상북도 영주시청,054-639-6944,2025-07-10,36.874385,128.525379,311,1,11.66,11.7,14.57,23.32,22.43,16.31,"50, 60","19,000"
읍면,풍기읍,서부리,,그 외,2등급,경상북도 영주시청,054-639-6944,2025-07-10,36.874385,128.525379,311,9,11.66,11.7,14.57,23.32,22.43,16.31,"50, 60","19,000"
읍면,풍기읍,서부리,100.04,그 외,3등급,경상북도 영주시청,054-639-6944,2025-07-10,36.874385,128.525379,311,10,11.66,11.7,14.57,23.32,22.43,16.31,"50, 60","19,000"
읍면,풍기읍,서부리,,그 외,3등급,경상북도 영주시청,054-639-6944,2025-07-10,36.874385,128.525379,311,59,11.66,11.7,14.57,23.32,22.43,16.31,"50, 60","19,000"
읍면,풍기읍,서부리,93.17,단독,3등급,경상북도 영주시청,054-639-6944,2025-07-10,36.874385,128.525379,311,4,11.66,11.7,14.57,23.32,22.43,16.31,"50, 60","19,000"
읍면,풍기읍,서부리,109.41,단독,4등급,경상북도 영주시청,054-639-6944,2025-07-10,36.874385,128.525379,311,36,11.66,11.7,14.57,23.32,22.43,16.31,"50, 60","19,000"
읍면,풍기읍,서부리,107.43,단독,4등급,경상북도 영주시청,054-639-6944,2025-07-10,36.874385,128.525379,311,44,11.66,11.7,14.57,23.32,22.43,16.31,"50, 60","19,000"
읍면,풍기읍,서부리,35.37,단독,4등급,경상북도 영주시청,054-639-6944,2025-07-10,36.874385,128.525379,311,18,11.66,11.7,14.57,23.32,22.43,16.31,"50, 60","19,000"
읍면,풍기읍,서부리,,그 외,3등급,경상북도 영주시청,054-639-6944,2025-07-10,36.874385,128.525379,311,30,11.66,11.7,14.57,23.32,22.43,16.31,"50, 60","19,000"
읍면,풍기읍,서부리,187.77,그 외,4등급,경상북도 영주시청,054-639-6944,2025-07-10,36.874385,128.525379,311,46,11.66,11.7,14.57,23.32,22.43,16.31,"50, 60","19,000"
읍면,풍기읍,서부리,141.81,단독,3등급,경상북도 영주시청,054-639-6944,2025-07-10,36.874385,128.525379,311,50,11.66,11.7,14.57,23.32,22.43,16.31,"50, 60","19,000"
읍면,풍기읍,서부리,50.9,단독,2등급,경상북도 영주시청,054-639-6944,2025-07-10,36.874385,128.525379,311,1,11.66,11.7,14.57,23.32,22.43,16.31,"50, 60","19,000"
읍면,풍기읍,서부리,,그 외,2등급,경상북도 영주시청,054-639-6944,2025-07-10,36.874385,128.525379,311,1,11.66,11.7,14.57,23.32,22.43,16.31,"50, 60","19,000"
읍면,풍기읍,서부리,40.69,단독,1등급,경상북도 영주시청,054-639-6944,2025-07-10,36.874385,128.525379,311,33,11.66,11.7,14.57,23.32,22.43,16.31,"50, 60","19,000"
읍면,풍기읍,서부리,81.16,단독,1등급,경상북도 영주시청,054-639-6944,2025-07-10,36.874385,128.525379,311,57,11.66,11.7,14.57,23.32,22.43,16.31,"50, 60","19,000"
읍면,풍기읍,서부리,56.2,단독,2등급,경상북도 영주시청,054-639-6944,2025-07-10,36.874385,128.525379,311,8,11.66,11.7,14.57,23.32,22.43,16.31,"50, 60","19,000"
읍면,풍기읍,성내리,196.7,단독,1등급,경상북도 영주시청,054-639-6944,2025-07-10,36.870108,128.525629,347,47,11.66,11.7,14.57,23.32,22.43,16.31,"50, 60","22,000"
읍면,풍기읍,성내리,90.91,단독,2등급,경상북도 영주시청,054-639-6944,2025-07-10,36.870108,128.525629,347,18,11.66,11.7,14.57,23.32,22.43,16.31,"50, 60","22,000"
읍면,풍기읍,성내리,,그 외,2등급,경상북도 영주시청,054-639-6944,2025-07-10,36.870108,128.525629,347,55,11.66,11.7,14.57,23.32,22.43,16.31,"50, 60","22,000"
읍면,풍기읍,성내리,27.41,단독,3등급,경상북도 영주시청,054-639-6944,2025-07-10,36.870108,128.525629,347,24,11.66,11.7,14.57,23.32,22.43,16.31,"50, 60","22,000"
읍면,풍기읍,성내리,68.36,단독,1등급,경상북도 영주시청,054-639-6944,2025-07-10,36.870108,128.525629,347,12,11.66,11.7,14.57,23.32,22.43,16.31,"50, 60","22,000"
읍면,풍기읍,성내리,42.97,단독,3등급,경상북도 영주시청,054-639-6944,2025-07-10,36.870108,128.525629,347,50,11.66,11.7,14.57,23.32,22.43,16.31,"50, 60","22,000"
읍면,풍기읍,수철리,33.72,단독,3등급,경상북도 영주시청,054-639-6944,2025-07-10,36.893466,128.468995,15,68,11.66,11.7,14.57,23.32,22.43,16.31,"50, 60","23,000"
읍면,풍기읍,수철리,,그 외,2등급,경상북도 영주시청,054-639-6944,2025-07-10,36.893466,128.468995,15,30,11.66,11.7,14.57,23.32,22.43,16.31,"50, 60","23,000"
읍면,풍기읍,욱금리,,단독,3등급,경상북도 영주시청,054-639-6944,2025-07-10,36.880000,128.535000,8,45,11.66,11.7,14.57,23.32,22.43,16.31,"50, 60","23,000"
읍면,풍기읍,전구리,139.51,단독,2등급,경상북도 영주시청,054-639-6944,2025-07-10,36.873024,128.477439,3,53,11.66,11.7,14.57,23.32,22.43,16.31,"50, 60","4,500"
읍면,풍기읍,전구리,,그 외,3등급,경상북도 영주시청,054-639-6944,2025-07-10,36.873024,128.477439,3,48,11.66,11.7,14.57,23.32,22.43,16.31,"50, 60","4,500"
읍면,풍기읍,전구리,,그 외,3등급,경상북도 영주시청,054-639-6944,2025-07-10,36.873024,128.477439,3,6,11.66,11.7,14.57,23.32,22.43,16.31,"50, 60","4,500"
읍면,풍기읍,전구리,,그 외,3등급,경상북도 영주시청,054-639-6944,2025-07-10,36.873024,128.477439,3,21,11.66,11.7,14.57,23.32,22.43,16.31,"50, 60","4,500"
읍면,풍기읍,전구리,52.56,단독,2등급,경상북도 영주시청,054-639-6944,2025-07-10,36.873024,128.477439,3,2,11.66,11.7,14.57,23.32,22.43,16.31,"50, 60","4,500"
읍면,풍기읍,창락리,,그 외,3등급,경상북도 영주시청,054-639-6944,2025-07-10,36.886689,128.481633,10,25,11.66,11.7,14.57,23.32,22.43,16.31,"50, 60","9,000"
읍면,풍기읍,창락리,,그 외,4등급,경상북도 영주시청,054-639-6944,2025-07-10,36.886689,128.481633,10,14,11.66,11.7,14.57,23.32,22.43,16.31,"50, 60","9,000"
읍면,풍기읍,창락리,,그 외,2등급,경상북도 영주시청,054-639-6944,2025-07-10,36.886689,128.481633,10,3,11.66,11.7,14.57,23.32,22.43,16.31,"50, 60","9,000"
읍면,풍기읍,창락리,43.64,단독,3등급,경상북도 영주시청,054-639-6944,2025-07-10,36.886689,128.481633,10,16,11.66,11.7,14.57,23.32,22.43,16.31,"50, 60","9,000"
읍면,풍기읍,창락리,,그 외,3등급,경상북도 영주시청,054-639-6944,2025-07-10,36.886689,128.481633,10,2,11.66,11.7,14.57,23.32,22.43,16.31,"50, 60","9,000"
읍면,풍기읍,창락리,130.58,단독,4등급,경상북도 영주시청,054-639-6944,2025-07-10,36.886689,128.481633,10,19,11.66,11.7,14.57,23.32,22.43,16.31,"50, 60","9,000"
읍면,풍기읍,창락리,81.03,단독,3등급,경상북도 영주시청,054-639-6944,2025-07-10,36.886689,128.481633,10,5,11.66,11.7,14.57,23.32,22.43,16.31,"50, 60","9,000"
읍면,풍기읍,창락리,,그 외,2등급,경상북도 영주시청,054-639-6944,2025-07-10,36.886689,128.481633,10,18,11.66,11.7,14.57,23.32,22.43,16.31,"50, 60","9,000"
읍면,이산면,내림리,46.3,단독,2등급,경상북도 영주시청,054-639-6944,2025-07-10,36.870,128.625,4,46,7.84,10.1,14.99,27.47,26.83,12.76,"50, 60",9500
읍면,이산면,내림리,,그 외,3등급,경상북도 영주시청,054-639-6944,2025-07-10,36.870,128.625,15,7,7.84,10.1,14.99,27.47,26.83,12.76,"50, 60",7500
읍면,이산면,내림리,,그 외,2등급,경상북도 영주시청,054-639-6944,2025-07-10,36.870,128.625,4,17,7.84,10.1,14.99,27.47,26.83,12.76,"50, 60",9100
읍면,이산면,두월리,39.7,단독,2등급,경상북도 영주시청,054-639-6944,2025-07-10,36.865,128.635,25,44,7.84,10.1,14.99,27.47,26.83,12.76,"50, 60",8800
읍면,이산면,두월리,83.3,단독,3등급,경상북도 영주시청,054-639-6944,2025-07-10,36.865,128.635,6,80,7.84,10.1,14.99,27.47,26.83,12.76,"50, 60",19000
읍면,이산면,두월리,,그 외,2등급,경상북도 영주시청,054-639-6944,2025-07-10,36.865,128.635,21,25,7.84,10.1,14.99,27.47,26.83,12.76,"50, 60",14800
읍면,이산면,두월리,,그 외,2등급,경상북도 영주시청,054-639-6944,2025-07-10,36.865,128.635,13,19,7.84,10.1,14.99,27.47,26.83,12.76,"50, 60",12100
읍면,이산면,두월리,,그 외,3등급,경상북도 영주시청,054-639-6944,2025-07-10,36.865,128.635,9,52,7.84,10.1,14.99,27.47,26.83,12.76,"50, 60",9400
읍면,이산면,두월리,14.9,단독,2등급,경상북도 영주시청,054-639-6944,2025-07-10,36.865,128.635,3,5,7.84,10.1,14.99,27.47,26.83,12.76,"50, 60",17400
읍면,이산면,두월리,,그 외,3등급,경상북도 영주시청,054-639-6944,2025-07-10,36.865,128.635,15,19,7.84,10.1,14.99,27.47,26.83,12.76,"50, 60",19600
읍면,이산면,두월리,165.9,단독,3등급,경상북도 영주시청,054-639-6944,2025-07-10,36.865,128.635,1,27,7.84,10.1,14.99,27.47,26.83,12.76,"50, 60",16700
읍면,이산면,두월리,,그 외,2등급,경상북도 영주시청,054-639-6944,2025-07-10,36.865,128.635,9,3,7.84,10.1,14.99,27.47,26.83,12.76,"50, 60",17000
읍면,이산면,석포리,52.9,단독,3등급,경상북도 영주시청,054-639-6944,2025-07-10,36.874,128.610,4,12,7.84,10.1,14.99,27.47,26.83,12.76,"50, 60",11300
읍면,이산면,석포리,,그 외,2등급,경상북도 영주시청,054-639-6944,2025-07-10,36.874,128.610,2,56,7.84,10.1,14.99,27.47,26.83,12.76,"50, 60",19100
읍면,이산면,석포리,69.64,단독,2등급,경상북도 영주시청,054-639-6944,2025-07-10,36.874,128.610,27,33,7.84,10.1,14.99,27.47,26.83,12.76,"50, 60",9600
읍면,이산면,석포리,,그 외,2등급,경상북도 영주시청,054-639-6944,2025-07-10,36.874,128.610,26,16,7.84,10.1,14.99,27.47,26.83,12.76,"50, 60",19100
읍면,이산면,석포리,,그 외,2등급,경상북도 영주시청,054-639-6944,2025-07-10,36.874,128.610,26,15,7.84,10.1,14.99,27.47,26.83,12.76,"50, 60",18700
읍면,이산면,석포리,51.9,단독,3등급,경상북도 영주시청,054-639-6944,2025-07-10,36.874,128.610,29,49,7.84,10.1,14.99,27.47,26.83,12.76,"50, 60",14300
읍면,이산면,신암리,,그 외,3등급,경상북도 영주시청,054-639-6944,2025-07-10,36.852,128.620,17,9,7.84,10.1,14.99,27.47,26.83,12.76,"50, 60",17200
읍면,이산면,신암리,,그 외,1등급,경상북도 영주시청,054-639-6944,2025-07-10,36.852,128.620,22,59,7.84,10.1,14.99,27.47,26.83,12.76,"50, 60",18700
읍면,이산면,신암리,50.6,단독,2등급,경상북도 영주시청,054-639-6944,2025-07-10,36.852,128.620,19,14,7.84,10.1,14.99,27.47,26.83,12.76,"50, 60",9900
읍면,이산면,신암리,,그 외,2등급,경상북도 영주시청,054-639-6944,2025-07-10,36.852,128.620,20,46,7.84,10.1,14.99,27.47,26.83,12.76,"50, 60",12000
읍면,이산면,신암리,,그 외,2등급,경상북도 영주시청,054-639-6944,2025-07-10,36.852,128.620,20,17,7.84,10.1,14.99,27.47,26.83,12.76,"50, 60",19700
읍면,이산면,신암리,,그 외,2등급,경상북도 영주시청,054-639-6944,2025-07-10,36.852,128.620,1,55,7.84,10.1,14.99,27.47,26.83,12.76,"50, 60",14500
읍면,이산면,신암리,33.1,단독,1등급,경상북도 영주시청,054-639-6944,2025-07-10,36.852,128.620,3,5,7.84,10.1,14.99,27.47,26.83,12.76,"50, 60",10500
읍면,이산면,신암리,,그 외,2등급,경상북도 영주시청,054-639-6944,2025-07-10,36.852,128.620,17,55,7.84,10.1,14.99,27.47,26.83,12.76,"50, 60",15100
읍면,이산면,신암리,,단독,3등급,경상북도 영주시청,054-639-6944,2025-07-10,36.852,128.620,21,2,7.84,10.1,14.99,27.47,26.83,12.76,"50, 60",13600
읍면,이산면,신암리,14.5,단독,3등급,경상북도 영주시청,054-639-6944,2025-07-10,36.852,128.620,7,54,7.84,10.1,14.99,27.47,26.83,12.76,"50, 60",7900
읍면,이산면,신암리,,단독,3등급,경상북도 영주시청,054-639-6944,2025-07-10,36.852,128.620,20,43,7.84,10.1,14.99,27.47,26.83,12.76,"50, 60",7100
읍면,이산면,신암리,,그 외,2등급,경상북도 영주시청,054-639-6944,2025-07-10,36.852,128.620,12,23,7.84,10.1,14.99,27.47,26.83,12.76,"50, 60",18800
읍면,이산면,신암리,,그 외,2등급,경상북도 영주시청,054-639-6944,2025-07-10,36.852,128.620,21,20,7.84,10.1,14.99,27.47,26.83,12.76,"50, 60",15500
읍면,이산면,신천리,82,단독,4등급,경상북도 영주시청,054-639-6944,2025-07-10,36.852,128.620,16,74,7.84,10.1,14.99,27.47,26.83,12.76,"50, 60",18200
읍면,이산면,신천리,94.2,단독,3등급,경상북도 영주시청,054-639-6944,2025-07-10,36.852,128.620,16,55,7.84,10.1,14.99,27.47,26.83,12.76,"50, 60",10000
읍면,이산면,신천리,178.3,단독,2등급,경상북도 영주시청,054-639-6944,2025-07-10,36.852,128.620,20,39,7.84,10.1,14.99,27.47,26.83,12.76,"50, 60",10500
읍면,이산면,신천리,,그 외,1등급,경상북도 영주시청,054-639-6944,2025-07-10,36.852,128.620,30,21,7.84,10.1,14.99,27.47,26.83,12.76,"50, 60",9800
읍면,이산면,신천리,,그 외,2등급,경상북도 영주시청,054-639-6944,2025-07-10,36.852,128.620,23,44,7.84,10.1,14.99,27.47,26.83,12.76,"50, 60",17300
읍면,이산면,신천리,,그 외,3등급,경상북도 영주시청,054-639-6944,2025-07-10,36.852,128.620,14,12,7.84,10.1,14.99,27.47,26.83,12.76,"50, 60",17300
읍면,이산면,용상리,59.2,단독,3등급,경상북도 영주시청,054-639-6944,2025-07-10,36.855,128.630,5,6,7.84,10.1,14.99,27.47,26.83,12.76,"50, 60",18500
읍면,이산면,용상리,54.2,단독,2등급,경상북도 영주시청,054-639-6944,2025-07-10,36.855,128.630,21,23,7.84,10.1,14.99,27.47,26.83,12.76,"50, 60",9700
읍면,이산면,용상리,,그 외,2등급,경상북도 영주시청,054-639-6944,2025-07-10,36.855,128.630,4,26,7.84,10.1,14.99,27.47,26.83,12.76,"50, 60",16600
읍면,이산면,용상리,,그 외,4등급,경상북도 영주시청,054-639-6944,2025-07-10,36.855,128.630,27,1,7.84,10.1,14.99,27.47,26.83,12.76,"50, 60",11300
읍면,이산면,용상리,,그 외,2등급,경상북도 영주시청,054-639-6944,2025-07-10,36.855,128.630,11,65,7.84,10.1,14.99,27.47,26.83,12.76,"50, 60",7900
읍면,이산면,용상리,,그 외,3등급,경상북도 영주시청,054-639-6944,2025-07-10,36.855,128.630,26,16,7.84,10.1,14.99,27.47,26.83,12.76,"50, 60",20000
읍면,이산면,용상리,,그 외,2등급,경상북도 영주시청,054-639-6944,2025-07-10,36.855,128.630,21,4,7.84,10.1,14.99,27.47,26.83,12.76,"50, 60",17600
읍면,이산면,용상리,,그 외,1등급,경상북도 영주시청,054-639-6944,2025-07-10,36.855,128.630,25,19,7.84,10.1,14.99,27.47,26.83,12.76,"50, 60",17300
읍면,이산면,용상리,,그 외,3등급,경상북도 영주시청,054-639-6944,2025-07-10,36.855,128.630,23,5,7.84,10.1,14.99,27.47,26.83,12.76,"50, 60",13000
읍면,이산면,용상리,84.3,단독,2등급,경상북도 영주시청,054-639-6944,2025-07-10,36.855,128.630,6,21,7.84,10.1,14.99,27.47,26.83,12.76,"50, 60",14100
읍면,이산면,용상리,48.9,단독,4등급,경상북도 영주시청,054-639-6944,2025-07-10,36.855,128.630,14,16,7.84,10.1,14.99,27.47,26.83,12.76,"50, 60",10300
읍면,이산면,용상리,,그 외,3등급,경상북도 영주시청,054-639-6944,2025-07-10,36.855,128.630,20,58,7.84,10.1,14.99,27.47,26.83,12.76,"50, 60",16300
읍면,이산면,용상리,,그 외,2등급,경상북도 영주시청,054-639-6944,2025-07-10,36.855,128.630,22,66,7.84,10.1,14.99,27.47,26.83,12.76,"50, 60",14400
읍면,이산면,용상리,,그 외,3등급,경상북도 영주시청,054-639-6944,2025-07-10,36.855,128.630,15,16,7.84,10.1,14.99,27.47,26.83,12.76,"50, 60",13700
읍면,이산면,용상리,,그 외,3등급,경상북도 영주시청,054-639-6944,2025-07-10,36.855,128.630,8,44,7.84,10.1,14.99,27.47,26.83,12.76,"50, 60",17300
읍면,이산면,용상리,,그 외,3등급,경상북도 영주시청,054-639-6944,2025-07-10,36.855,128.630,7,8,7.84,10.1,14.99,27.47,26.83,12.76,"50, 60",19200
읍면,이산면,용상리,73.8,그 외,1등급,경상북도 영주시청,054-639-6944,2025-07-10,36.855,128.630,28,90,7.84,10.1,14.99,27.47,26.83,12.76,"50, 60",7400
읍면,이산면,용상리,,그 외,2등급,경상북도 영주시청,054-639-6944,2025-07-10,36.855,128.630,25,26,7.84,10.1,14.99,27.47,26.83,12.76,"50, 60",14300
읍면,이산면,용상리,69.4,단독,2등급,경상북도 영주시청,054-639-6944,2025-07-10,36.855,128.630,30,18,7.84,10.1,14.99,27.47,26.83,12.76,"50, 60",8200
읍면,이산면,운문리,,그 외,2등급,경상북도 영주시청,054-639-6944,2025-07-10,36.860,128.645,28,14,7.84,10.1,14.99,27.47,26.83,12.76,"50, 60",14700
읍면,이산면,운문리,,그 외,1등급,경상북도 영주시청,054-639-6944,2025-07-10,36.860,128.645,14,51,7.84,10.1,14.99,27.47,26.83,12.76,"50, 60",18400
읍면,이산면,운문리,59.5,단독,2등급,경상북도 영주시청,054-639-6944,2025-07-10,36.860,128.645,19,27,7.84,10.1,14.99,27.47,26.83,12.76,"50, 60",13900
읍면,이산면,운문리,,그 외,2등급,경상북도 영주시청,054-639-6944,2025-07-10,36.860,128.645,22,24,7.84,10.1,14.99,27.47,26.83,12.76,"50, 60",7600
읍면,이산면,운문리,118,그 외,3등급,경상북도 영주시청,054-639-6944,2025-07-10,36.860,128.645,26,100,7.84,10.1,14.99,27.47,26.83,12.76,"50, 60",10900
읍면,이산면,운문리,127.9,단독,1등급,경상북도 영주시청,054-639-6944,2025-07-10,36.860,128.645,10,30,7.84,10.1,14.99,27.47,26.83,12.76,"50, 60",13500
읍면,이산면,원리,,그 외,3등급,경상북도 영주시청,054-639-6944,2025-07-10,36.862,128.628,20,10,7.84,10.1,14.99,27.47,26.83,12.76,"50, 60",7200
읍면,이산면,원리,,그 외,4등급,경상북도 영주시청,054-639-6944,2025-07-10,36.862,128.628,12,60,7.84,10.1,14.99,27.47,26.83,12.76,"50, 60",7000
읍면,이산면,원리,,단독,4등급,경상북도 영주시청,054-639-6944,2025-07-10,36.862,128.628,27,7,7.84,10.1,14.99,27.47,26.83,12.76,"50, 60",17800
읍면,이산면,원리,44,단독,3등급,경상북도 영주시청,054-639-6944,2025-07-10,36.862,128.628,30,7,7.84,10.1,14.99,27.47,26.83,12.76,"50, 60",18300
읍면,이산면,원리,,그 외,1등급,경상북도 영주시청,054-639-6944,2025-07-10,36.862,128.628,26,41,7.84,10.1,14.99,27.47,26.83,12.76,"50, 60",18300
읍면,이산면,원리,,그 외,2등급,경상북도 영주시청,054-639-6944,2025-07-10,36.862,128.628,8,36,7.84,10.1,14.99,27.47,26.83,12.76,"50, 60",19500
읍면,이산면,원리,,그 외,2등급,경상북도 영주시청,054-639-6944,2025-07-10,36.862,128.628,19,48,7.84,10.1,14.99,27.47,26.83,12.76,"50, 60",10300
읍면,이산면,지동리,,그 외,2등급,경상북도 영주시청,054-639-6944,2025-07-10,36.848,128.640,30,10,7.84,10.1,14.99,27.47,26.83,12.76,"50, 60",10000
읍면,이산면,지동리,140.54,단독,2등급,경상북도 영주시청,054-639-6944,2025-07-10,36.848,128.640,21,7,7.84,10.1,14.99,27.47,26.83,12.76,"50, 60",10700
읍면,평은면,강동리,20.2,단독,3등급,경상북도 영주시청,054-639-6944,2025-07-10,36.807,128.675,20,43,6.84,11.14,14.88,23.22,26.28,12.76,"50, 60",12900
읍면,평은면,강동리,,그 외,2등급,경상북도 영주시청,054-639-6944,2025-07-10,36.807,128.675,22,41,6.84,11.14,14.88,23.22,26.28,12.76,"50, 60",13600
읍면,평은면,강동리,320.5,단독,3등급,경상북도 영주시청,054-639-6944,2025-07-10,36.807,128.675,15,10,6.84,11.14,14.88,23.22,26.28,12.76,"50, 60",8700
읍면,평은면,강동리,320.5,단독,3등급,경상북도 영주시청,054-639-6944,2025-07-10,36.807,128.675,21,34,6.84,11.14,14.88,23.22,26.28,12.76,"50, 60",10100
읍면,평은면,오운리,,그 외,2등급,경상북도 영주시청,054-639-6944,2025-07-10,36.798,128.660,13,21,6.84,11.14,14.88,23.22,26.28,12.76,"50, 60",11900
읍면,평은면,오운리,,그 외,2등급,경상북도 영주시청,054-639-6944,2025-07-10,36.798,128.660,23,54,6.84,11.14,14.88,23.22,26.28,12.76,"50, 60",14800
읍면,평은면,오운리,36.4,단독,4등급,경상북도 영주시청,054-639-6944,2025-07-10,36.798,128.660,6,20,6.84,11.14,14.88,23.22,26.28,12.76,"50, 60",16800
읍면,평은면,오운리,,그 외,3등급,경상북도 영주시청,054-639-6944,2025-07-10,36.798,128.660,2,26,6.84,11.14,14.88,23.22,26.28,12.76,"50, 60",9500
읍면,평은면,오운리,82.8,단독,3등급,경상북도 영주시청,054-639-6944,2025-07-10,36.798,128.660,25,15,6.84,11.14,14.88,23.22,26.28,12.76,"50, 60",10900
읍면,평은면,오운리,93.1,단독,1등급,경상북도 영주시청,054-639-6944,2025-07-10,36.798,128.660,5,6,6.84,11.14,14.88,23.22,26.28,12.76,"50, 60",19900
읍면,평은면,오운리,88,단독,2등급,경상북도 영주시청,054-639-6944,2025-07-10,36.798,128.660,29,17,6.84,11.14,14.88,23.22,26.28,12.76,"50, 60",16700
읍면,평은면,오운리,,그 외,2등급,경상북도 영주시청,054-639-6944,2025-07-10,36.798,128.660,27,2,6.84,11.14,14.88,23.22,26.28,12.76,"50, 60",7200
읍면,평은면,오운리,26,단독,3등급,경상북도 영주시청,054-639-6944,2025-07-10,36.798,128.660,12,30,6.84,11.14,14.88,23.22,26.28,12.76,"50, 60",19200
읍면,평은면,오운리,49.1,단독,4등급,경상북도 영주시청,054-639-6944,2025-07-10,36.798,128.660,15,37,6.84,11.14,14.88,23.22,26.28,12.76,"50, 60",8000
읍면,평은면,오운리,26.1,단독,2등급,경상북도 영주시청,054-639-6944,2025-07-10,36.798,128.660,23,4,6.84,11.14,14.88,23.22,26.28,12.76,"50, 60",13600
읍면,평은면,오운리,68.1,단독,2등급,경상북도 영주시청,054-639-6944,2025-07-10,36.798,128.660,29,28,6.84,11.14,14.88,23.22,26.28,12.76,"50, 60",13300
읍면,평은면,오운리,97.2,단독,3등급,경상북도 영주시청,054-639-6944,2025-07-10,36.798,128.660,27,56,6.84,11.14,14.88,23.22,26.28,12.76,"50, 60",10200
읍면,평은면,오운리,57.2,단독,2등급,경상북도 영주시청,054-639-6944,2025-07-10,36.798,128.660,2,19,6.84,11.14,14.88,23.22,26.28,12.76,"50, 60",17700
읍면,평은면,오운리,,그 외,4등급,경상북도 영주시청,054-639-6944,2025-07-10,36.798,128.660,20,44,6.84,11.14,14.88,23.22,26.28,12.76,"50, 60",12900
읍면,평은면,용혈리,,그 외,4등급,경상북도 영주시청,054-639-6944,2025-07-10,36.790,128.645,8,16,6.84,11.14,14.88,23.22,26.28,12.76,"50, 60",16800
읍면,평은면,용혈리,46.3,단독,2등급,경상북도 영주시청,054-639-6944,2025-07-10,36.790,128.645,24,3,6.84,11.14,14.88,23.22,26.28,12.76,"50, 60",10300
읍면,평은면,용혈리,25.1,단독,2등급,경상북도 영주시청,054-639-6944,2025-07-10,36.790,128.645,7,7,6.84,11.14,14.88,23.22,26.28,12.76,"50, 60",7600
읍면,평은면,용혈리,44,단독,4등급,경상북도 영주시청,054-639-6944,2025-07-10,36.790,128.645,2,33,6.84,11.14,14.88,23.22,26.28,12.76,"50, 60",11500
읍면,평은면,용혈리,32,단독,3등급,경상북도 영주시청,054-639-6944,2025-07-10,36.790,128.645,10,30,6.84,11.14,14.88,23.22,26.28,12.76,"50, 60",14700
읍면,평은면,용혈리,64.1,단독,2등급,경상북도 영주시청,054-639-6944,2025-07-10,36.790,128.645,23,54,6.84,11.14,14.88,23.22,26.28,12.76,"50, 60",11000
읍면,평은면,용혈리,106.5,단독,4등급,경상북도 영주시청,054-639-6944,2025-07-10,36.790,128.645,16,3,6.84,11.14,14.88,23.22,26.28,12.76,"50, 60",14100
읍면,평은면,용혈리,33,단독,3등급,경상북도 영주시청,054-639-6944,2025-07-10,36.790,128.645,25,29,6.84,11.14,14.88,23.22,26.28,12.76,"50, 60",18500
읍면,평은면,용혈리,46.3,단독,3등급,경상북도 영주시청,054-639-6944,2025-07-10,36.790,128.645,28,10,6.84,11.14,14.88,23.22,26.28,12.76,"50, 60",11100
읍면,평은면,용혈리,42.3,단독,1등급,경상북도 영주시청,054-639-6944,2025-07-10,36.790,128.645,2,9,6.84,11.14,14.88,23.22,26.28,12.76,"50, 60",10700
읍면,평은면,용혈리,99.5,단독,3등급,경상북도 영주시청,054-639-6944,2025-07-10,36.790,128.645,22,16,6.84,11.14,14.88,23.22,26.28,12.76,"50, 60",7700
읍면,평은면,용혈리,99.5,단독,4등급,경상북도 영주시청,054-639-6944,2025-07-10,36.790,128.645,6,55,6.84,11.14,14.88,23.22,26.28,12.76,"50, 60",14000
읍면,평은면,지곡리,,그 외,1등급,경상북도 영주시청,054-639-6944,2025-07-10,36.795,128.640,30,52,6.84,11.14,14.88,23.22,26.28,12.76,"50, 60",18400
읍면,평은면,지곡리,30.1,단독,2등급,경상북도 영주시청,054-639-6944,2025-07-10,36.795,128.640,22,2,6.84,11.14,14.88,23.22,26.28,12.76,"50, 60",16700
읍면,평은면,지곡리,26.1,단독,3등급,경상북도 영주시청,054-639-6944,2025-07-10,36.795,128.640,4,29,6.84,11.14,14.88,23.22,26.28,12.76,"50, 60",10100
읍면,평은면,지곡리,,그 외,2등급,경상북도 영주시청,054-639-6944,2025-07-10,36.795,128.640,2,48,6.84,11.14,14.88,23.22,26.28,12.76,"50, 60",18400
읍면,평은면,지곡리,28.1,단독,2등급,경상북도 영주시청,054-639-6944,2025-07-10,36.795,128.640,10,45,6.84,11.14,14.88,23.22,26.28,12.76,"50, 60",15900
읍면,평은면,지곡리,118.1,단독,1등급,경상북도 영주시청,054-639-6944,2025-07-10,36.795,128.640,25,16,6.84,11.14,14.88,23.22,26.28,12.76,"50, 60",12100
읍면,평은면,지곡리,,그 외,3등급,경상북도 영주시청,054-639-6944,2025-07-10,36.795,128.640,24,19,6.84,11.14,14.88,23.22,26.28,12.76,"50, 60",16700
읍면,평은면,지곡리,,그 외,2등급,경상북도 영주시청,054-639-6944,2025-07-10,36.795,128.640,7,70,6.84,11.14,14.88,23.22,26.28,12.76,"50, 60",12400
읍면,평은면,지곡리,87,단독,2등급,경상북도 영주시청,054-639-6944,2025-07-10,36.795,128.640,21,53,6.84,11.14,14.88,23.22,26.28,12.76,"50, 60",11900
읍면,평은면,지곡리,60,단독,4등급,경상북도 영주시청,054-639-6944,2025-07-10,36.795,128.640,9,12,6.84,11.14,14.88,23.22,26.28,12.76,"50, 60",19900
읍면,평은면,지곡리,96,단독,2등급,경상북도 영주시청,054-639-6944,2025-07-10,36.795,128.640,2,26,6.84,11.14,14.88,23.22,26.28,12.76,"50, 60",11100
읍면,평은면,지곡리,50,단독,2등급,경상북도 영주시청,054-639-6944,2025-07-10,36.795,128.640,19,8,6.84,11.14,14.88,23.22,26.28,12.76,"50, 60",8000
읍면,평은면,지곡리,179.2,단독,3등급,경상북도 영주시청,054-639-6944,2025-07-10,36.795,128.640,1,19,6.84,11.14,14.88,23.22,26.28,12.76,"50, 60",18300
읍면,평은면,천본리,36.3,단독,3등급,경상북도 영주시청,054-639-6944,2025-07-10,36.802,128.668,4,14,6.84,11.14,14.88,23.22,26.28,12.76,"50, 60",19800
읍면,평은면,천본리,60,단독,3등급,경상북도 영주시청,054-639-6944,2025-07-10,36.802,128.668,1,24,6.84,11.14,14.88,23.22,26.28,12.76,"50, 60",11900
읍면,평은면,천본리,,그 외,2등급,경상북도 영주시청,054-639-6944,2025-07-10,36.802,128.668,22,11,6.84,11.14,14.88,23.22,26.28,12.76,"50, 60",20000
읍면,평은면,천본리,68.4,단독,2등급,경상북도 영주시청,054-639-6944,2025-07-10,36.802,128.668,8,28,6.84,11.14,14.88,23.22,26.28,12.76,"50, 60",17200
읍면,평은면,평은리,45,단독,1등급,경상북도 영주시청,054-639-6944,2025-07-10,36.805,128.635,5,6,6.84,11.14,14.88,23.22,26.28,12.76,"50, 60",15100
읍면,평은면,평은리,439.47,단독,1등급,경상북도 영주시청,054-639-6944,2025-07-10,36.805,128.635,24,17,6.84,11.14,14.88,23.22,26.28,12.76,"50, 60",19600
읍면,평은면,평은리,114,단독,1등급,경상북도 영주시청,054-639-6944,2025-07-10,36.805,128.635,9,6,6.84,11.14,14.88,23.22,26.28,12.76,"50, 60",10400
읍면,평은면,평은리,53,단독,3등급,경상북도 영주시청,054-639-6944,2025-07-10,36.805,128.635,23,21,6.84,11.14,14.88,23.22,26.28,12.76,"50, 60",14100
읍면,평은면,평은리,74.9,단독,2등급,경상북도 영주시청,054-639-6944,2025-07-10,36.805,128.635,4,68,6.84,11.14,14.88,23.22,26.28,12.76,"50, 60",14500
읍면,평은면,평은리,81,단독,2등급,경상북도 영주시청,054-639-6944,2025-07-10,36.805,128.635,12,27,6.84,11.14,14.88,23.22,26.28,12.76,"50, 60",16500
읍면,평은면,평은리,27.1,단독,2등급,경상북도 영주시청,054-639-6944,2025-07-10,36.805,128.635,7,69,6.84,11.14,14.88,23.22,26.28,12.76,"50, 60",10100
읍면,평은면,평은리,102.6,단독,4등급,경상북도 영주시청,054-639-6944,2025-07-10,36.805,128.635,21,27,6.84,11.14,14.88,23.22,26.28,12.76,"50, 60",9500
읍면,평은면,평은리,48,단독,3등급,경상북도 영주시청,054-639-6944,2025-07-10,36.805,128.635,18,25,6.84,11.14,14.88,23.22,26.28,12.76,"50, 60",13500
읍면,평은면,평은리,30,단독,3등급,경상북도 영주시청,054-639-6944,2025-07-10,36.805,128.635,11,13,6.84,11.14,14.88,23.22,26.28,12.76,"50, 60",9400
읍면,평은면,평은리,29,단독,1등급,경상북도 영주시청,054-639-6944,2025-07-10,36.805,128.635,21,2,6.84,11.14,14.88,23.22,26.28,12.76,"50, 60",8500
읍면,문수면,권선리,192.34,단독,3등급,경상북도 영주시청,054-639-6944,2025-07-10,36.740,128.710,7,62,8.61,12.76,12.9,24.87,25.84,15.02,"50, 60",10500
읍면,문수면,권선리,56.7,단독,2등급,경상북도 영주시청,054-639-6944,2025-07-10,36.740,128.710,17,31,8.61,12.76,12.9,24.87,25.84,15.02,"50, 60",17100
읍면,문수면,권선리,,그 외,2등급,경상북도 영주시청,054-639-6944,2025-07-10,36.740,128.710,24,62,8.61,12.76,12.9,24.87,25.84,15.02,"50, 60",9900
읍면,문수면,권선리,,그 외,2등급,경상북도 영주시청,054-639-6944,2025-07-10,36.740,128.710,6,21,8.61,12.76,12.9,24.87,25.84,15.02,"50, 60",15800
읍면,문수면,권선리,49.5,단독,2등급,경상북도 영주시청,054-639-6944,2025-07-10,36.740,128.710,10,5,8.61,12.76,12.9,24.87,25.84,15.02,"50, 60",18200
읍면,문수면,대양리,,그 외,4등급,경상북도 영주시청,054-639-6944,2025-07-10,36.742,128.690,19,43,8.61,12.76,12.9,24.87,25.84,15.02,"50, 60",12000
읍면,문수면,대양리,,단독,3등급,경상북도 영주시청,054-639-6944,2025-07-10,36.742,128.690,22,58,8.61,12.76,12.9,24.87,25.84,15.02,"50, 60",12600
읍면,문수면,대양리,,그 외,1등급,경상북도 영주시청,054-639-6944,2025-07-10,36.742,128.690,22,25,8.61,12.76,12.9,24.87,25.84,15.02,"50, 60",14200
읍면,문수면,대양리,,그 외,2등급,경상북도 영주시청,054-639-6944,2025-07-10,36.742,128.690,27,90,8.61,12.76,12.9,24.87,25.84,15.02,"50, 60",13000
읍면,문수면,만방리,,그 외,3등급,경상북도 영주시청,054-639-6944,2025-07-10,36.745,128.735,16,5,8.61,12.76,12.9,24.87,25.84,15.02,"50, 60",14100
읍면,문수면,만방리,51.52,단독,3등급,경상북도 영주시청,054-639-6944,2025-07-10,36.745,128.735,21,34,8.61,12.76,12.9,24.87,25.84,15.02,"50, 60",15900
읍면,문수면,만방리,142.1,단독,2등급,경상북도 영주시청,054-639-6944,2025-07-10,36.745,128.735,5,3,8.61,12.76,12.9,24.87,25.84,15.02,"50, 60",14300
읍면,문수면,만방리,,그 외,2등급,경상북도 영주시청,054-639-6944,2025-07-10,36.745,128.735,19,16,8.61,12.76,12.9,24.87,25.84,15.02,"50, 60",19300
읍면,문수면,만방리,,그 외,3등급,경상북도 영주시청,054-639-6944,2025-07-10,36.745,128.735,24,3,8.61,12.76,12.9,24.87,25.84,15.02,"50, 60",17800
읍면,문수면,만방리,,그 외,2등급,경상북도 영주시청,054-639-6944,2025-07-10,36.745,128.735,26,3,8.61,12.76,12.9,24.87,25.84,15.02,"50, 60",9100
읍면,문수면,만방리,45.24,단독,2등급,경상북도 영주시청,054-639-6944,2025-07-10,36.745,128.735,17,46,8.61,12.76,12.9,24.87,25.84,15.02,"50, 60",15100
읍면,문수면,만방리,84.96,단독,2등급,경상북도 영주시청,054-639-6944,2025-07-10,36.745,128.735,13,27,8.61,12.76,12.9,24.87,25.84,15.02,"50, 60",12700
읍면,문수면,만방리,,그 외,2등급,경상북도 영주시청,054-639-6944,2025-07-10,36.745,128.735,19,63,8.61,12.76,12.9,24.87,25.84,15.02,"50, 60",15900
읍면,문수면,만방리,60.48,단독,2등급,경상북도 영주시청,054-639-6944,2025-07-10,36.745,128.735,26,63,8.61,12.76,12.9,24.87,25.84,15.02,"50, 60",17700
읍면,문수면,만방리,72.21,단독,2등급,경상북도 영주시청,054-639-6944,2025-07-10,36.745,128.735,4,42,8.61,12.76,12.9,24.87,25.84,15.02,"50, 60",19700
읍면,문수면,만방리,31.5,단독,1등급,경상북도 영주시청,054-639-6944,2025-07-10,36.745,128.735,5,4,8.61,12.76,12.9,24.87,25.84,15.02,"50, 60",7200
읍면,문수면,수도리,84.5,단독,1등급,경상북도 영주시청,054-639-6944,2025-07-10,36.746,128.715,14,26,8.61,12.76,12.9,24.87,25.84,15.02,"50, 60",9400
읍면,문수면,승문리,,그 외,2등급,경상북도 영주시청,054-639-6944,2025-07-10,36.752,128.720,3,10,8.61,12.76,12.9,24.87,25.84,15.02,"50, 60",18800
읍면,문수면,승문리,,그 외,2등급,경상북도 영주시청,054-639-6944,2025-07-10,36.752,128.720,25,33,8.61,12.76,12.9,24.87,25.84,15.02,"50, 60",14300
읍면,문수면,승문리,,그 외,2등급,경상북도 영주시청,054-639-6944,2025-07-10,36.752,128.720,26,44,8.61,12.76,12.9,24.87,25.84,15.02,"50, 60",10200
읍면,문수면,승문리,51.5,단독,2등급,경상북도 영주시청,054-639-6944,2025-07-10,36.752,128.720,13,58,8.61,12.76,12.9,24.87,25.84,15.02,"50, 60",11900
읍면,문수면,승문리,,그 외,3등급,경상북도 영주시청,054-639-6944,2025-07-10,36.752,128.720,3,58,8.61,12.76,12.9,24.87,25.84,15.02,"50, 60",14000
읍면,문수면,승문리,,그 외,2등급,경상북도 영주시청,054-639-6944,2025-07-10,36.752,128.720,18,19,8.61,12.76,12.9,24.87,25.84,15.02,"50, 60",11100
읍면,문수면,월호리,70.24,단독,2등급,경상북도 영주시청,054-639-6944,2025-07-10,36.738,128.725,8,73,8.61,12.76,12.9,24.87,25.84,15.02,"50, 60",19400
읍면,문수면,월호리,98.63,단독,1등급,경상북도 영주시청,054-639-6944,2025-07-10,36.738,128.725,14,21,8.61,12.76,12.9,24.87,25.84,15.02,"50, 60",19000
읍면,문수면,월호리,,그 외,1등급,경상북도 영주시청,054-639-6944,2025-07-10,36.738,128.725,7,30,8.61,12.76,12.9,24.87,25.84,15.02,"50, 60",14700
읍면,문수면,월호리,,그 외,1등급,경상북도 영주시청,054-639-6944,2025-07-10,36.738,128.725,17,55,8.61,12.76,12.9,24.87,25.84,15.02,"50, 60",17300
읍면,문수면,월호리,,그 외,2등급,경상북도 영주시청,054-639-6944,2025-07-10,36.738,128.725,13,3,8.61,12.76,12.9,24.87,25.84,15.02,"50, 60",7600
읍면,문수면,월호리,23.7,단독,1등급,경상북도 영주시청,054-639-6944,2025-07-10,36.738,128.725,8,40,8.61,12.76,12.9,24.87,25.84,15.02,"50, 60",11400
읍면,문수면,월호리,,그 외,3등급,경상북도 영주시청,054-639-6944,2025-07-10,36.738,128.725,5,9,8.61,12.76,12.9,24.87,25.84,15.02,"50, 60",15500
읍면,문수면,월호리,41.04,단독,1등급,경상북도 영주시청,054-639-6944,2025-07-10,36.738,128.725,20,41,8.61,12.76,12.9,24.87,25.84,15.02,"50, 60",9100
읍면,문수면,월호리,,단독,2등급,경상북도 영주시청,054-639-6944,2025-07-10,36.738,128.725,29,22,8.61,12.76,12.9,24.87,25.84,15.02,"50, 60",8300
읍면,문수면,월호리,,그 외,1등급,경상북도 영주시청,054-639-6944,2025-07-10,36.738,128.725,7,11,8.61,12.76,12.9,24.87,25.84,15.02,"50, 60",14300
읍면,문수면,월호리,,그 외,1등급,경상북도 영주시청,054-639-6944,2025-07-10,36.738,128.725,16,18,8.61,12.76,12.9,24.87,25.84,15.02,"50, 60",11000
읍면,문수면,적동리,,그 외,1등급,경상북도 영주시청,054-639-6944,2025-07-10,36.748,128.705,21,45,8.61,12.76,12.9,24.87,25.84,15.02,"50, 60",15300
읍면,문수면,적동리,,그 외,4등급,경상북도 영주시청,054-639-6944,2025-07-10,36.748,128.705,15,27,8.61,12.76,12.9,24.87,25.84,15.02,"50, 60",11000
읍면,문수면,적동리,,그 외,1등급,경상북도 영주시청,054-639-6944,2025-07-10,36.748,128.705,15,12,8.61,12.76,12.9,24.87,25.84,15.02,"50, 60",17800
읍면,문수면,적동리,,그 외,1등급,경상북도 영주시청,054-639-6944,2025-07-10,36.748,128.705,15,7,8.61,12.76,12.9,24.87,25.84,15.02,"50, 60",12700
읍면,문수면,적동리,,그 외,2등급,경상북도 영주시청,054-639-6944,2025-07-10,36.748,128.705,27,23,8.61,12.76,12.9,24.87,25.84,15.02,"50, 60",14200
읍면,문수면,적동리,,그 외,1등급,경상북도 영주시청,054-639-6944,2025-07-10,36.748,128.705,23,39,8.61,12.76,12.9,24.87,25.84,15.02,"50, 60",10500
읍면,문수면,조제리,,그 외,1등급,경상북도 영주시청,054-639-6944,2025-07-10,36.728,128.735,17,74,8.61,12.76,12.9,24.87,25.84,15.02,"50, 60",7800
읍면,문수면,조제리,,그 외,2등급,경상북도 영주시청,054-639-6944,2025-07-10,36.728,128.735,5,12,8.61,12.76,12.9,24.87,25.84,15.02,"50, 60",16800
읍면,문수면,조제리,,그 외,2등급,경상북도 영주시청,054-639-6944,2025-07-10,36.728,128.735,6,4,8.61,12.76,12.9,24.87,25.84,15.02,"50, 60",9800
읍면,문수면,조제리,85,단독,1등급,경상북도 영주시청,054-639-6944,2025-07-10,36.728,128.735,17,13,8.61,12.76,12.9,24.87,25.84,15.02,"50, 60",7600
읍면,문수면,조제리,,단독,2등급,경상북도 영주시청,054-639-6944,2025-07-10,36.728,128.735,20,19,8.61,12.76,12.9,24.87,25.84,15.02,"50, 60",14000
읍면,문수면,조제리,,그 외,3등급,경상북도 영주시청,054-639-6944,2025-07-10,36.728,128.735,7,10,8.61,12.76,12.9,24.87,25.84,15.02,"50, 60",11800
읍면,문수면,조제리,44.5,단독,3등급,경상북도 영주시청,054-639-6944,2025-07-10,36.728,128.735,15,40,8.61,12.76,12.9,24.87,25.84,15.02,"50, 60",20000
읍면,문수면,탄산리,,단독,2등급,경상북도 영주시청,054-639-6944,2025-07-10,36.735,128.705,22,68,8.61,12.76,12.9,24.87,25.84,15.02,"50, 60",16700
읍면,문수면,탄산리,38.5,단독,1등급,경상북도 영주시청,054-639-6944,2025-07-10,36.735,128.705,1,39,8.61,12.76,12.9,24.87,25.84,15.02,"50, 60",12900
읍면,문수면,탄산리,50.75,단독,2등급,경상북도 영주시청,054-639-6944,2025-07-10,36.735,128.705,3,63,8.61,12.76,12.9,24.87,25.84,15.02,"50, 60",18400
읍면,문수면,탄산리,49.99,단독,2등급,경상북도 영주시청,054-639-6944,2025-07-10,36.735,128.705,3,1,8.61,12.76,12.9,24.87,25.84,15.02,"50, 60",17300
읍면,문수면,탄산리,58.8,단독,3등급,경상북도 영주시청,054-639-6944,2025-07-10,36.735,128.705,24,6,8.61,12.76,12.9,24.87,25.84,15.02,"50, 60",19100
읍면,문수면,탄산리,,그 외,2등급,경상북도 영주시청,054-639-6944,2025-07-10,36.735,128.705,13,45,8.61,12.76,12.9,24.87,25.84,15.02,"50, 60",10100
읍면,장수면,갈산리,,그 외,1등급,경상북도 영주시청,054-639-6944,2025-07-10,36.781,128.585,18,2,10.46,13.34,16.43,24.25,21.81,13.71,"50, 60",16000
읍면,장수면,갈산리,,그 외,2등급,경상북도 영주시청,054-639-6944,2025-07-10,36.781,128.585,14,25,10.46,13.34,16.43,24.25,21.81,13.71,"50, 60",18600
읍면,장수면,갈산리,,단독,3등급,경상북도 영주시청,054-639-6944,2025-07-10,36.781,128.585,1,1,10.46,13.34,16.43,24.25,21.81,13.71,"50, 60",10700
읍면,장수면,갈산리,52.9,단독,3등급,경상북도 영주시청,054-639-6944,2025-07-10,36.781,128.585,13,3,10.46,13.34,16.43,24.25,21.81,13.71,"50, 60",17600
읍면,장수면,갈산리,,단독,2등급,경상북도 영주시청,054-639-6944,2025-07-10,36.781,128.585,12,9,10.46,13.34,16.43,24.25,21.81,13.71,"50, 60",15500
읍면,장수면,갈산리,,그 외,4등급,경상북도 영주시청,054-639-6944,2025-07-10,36.781,128.585,12,18,10.46,13.34,16.43,24.25,21.81,13.71,"50, 60",12300
읍면,장수면,갈산리,,그 외,4등급,경상북도 영주시청,054-639-6944,2025-07-10,36.781,128.585,17,27,10.46,13.34,16.43,24.25,21.81,13.71,"50, 60",17800
읍면,장수면,갈산리,,그 외,2등급,경상북도 영주시청,054-639-6944,2025-07-10,36.781,128.585,12,42,10.46,13.34,16.43,24.25,21.81,13.71,"50, 60",14400
읍면,장수면,갈산리,,그 외,2등급,경상북도 영주시청,054-639-6944,2025-07-10,36.781,128.585,29,43,10.46,13.34,16.43,24.25,21.81,13.71,"50, 60",18200
읍면,장수면,두전리,,그 외,2등급,경상북도 영주시청,054-639-6944,2025-07-10,36.775,128.600,11,38,10.46,13.34,16.43,24.25,21.81,13.71,"50, 60",8400
읍면,장수면,두전리,,그 외,2등급,경상북도 영주시청,054-639-6944,2025-07-10,36.775,128.600,27,5,10.46,13.34,16.43,24.25,21.81,13.71,"50, 60",7000
읍면,장수면,두전리,,단독,2등급,경상북도 영주시청,054-639-6944,2025-07-10,36.775,128.600,16,2,10.46,13.34,16.43,24.25,21.81,13.71,"50, 60",9700
읍면,장수면,두전리,46.3,단독,2등급,경상북도 영주시청,054-639-6944,2025-07-10,36.775,128.600,12,45,10.46,13.34,16.43,24.25,21.81,13.71,"50, 60",7300
읍면,장수면,두전리,79.3,단독,2등급,경상북도 영주시청,054-639-6944,2025-07-10,36.775,128.600,28,29,10.46,13.34,16.43,24.25,21.81,13.71,"50, 60",17100
읍면,장수면,두전리,,그 외,2등급,경상북도 영주시청,054-639-6944,2025-07-10,36.775,128.600,5,10,10.46,13.34,16.43,24.25,21.81,13.71,"50, 60",11700
읍면,장수면,두전리,166,그 외,1등급,경상북도 영주시청,054-639-6944,2025-07-10,36.775,128.600,9,26,10.46,13.34,16.43,24.25,21.81,13.71,"50, 60",12200
읍면,장수면,두전리,,그 외,2등급,경상북도 영주시청,054-639-6944,2025-07-10,36.775,128.600,3,11,10.46,13.34,16.43,24.25,21.81,13.71,"50, 60",7300
읍면,장수면,반구리,62.9,단독,2등급,경상북도 영주시청,054-639-6944,2025-07-10,36.770,128.615,9,36,10.46,13.34,16.43,24.25,21.81,13.71,"50, 60",19600
읍면,장수면,반구리,,그 외,2등급,경상북도 영주시청,054-639-6944,2025-07-10,36.770,128.615,1,1,10.46,13.34,16.43,24.25,21.81,13.71,"50, 60",12300
읍면,장수면,반구리,286.42,단독,4등급,경상북도 영주시청,054-639-6944,2025-07-10,36.770,128.615,1,22,10.46,13.34,16.43,24.25,21.81,13.71,"50, 60",7700
읍면,장수면,반구리,,그 외,3등급,경상북도 영주시청,054-639-6944,2025-07-10,36.770,128.615,7,59,10.46,13.34,16.43,24.25,21.81,13.71,"50, 60",9900
읍면,장수면,반구리,,그 외,2등급,경상북도 영주시청,054-639-6944,2025-07-10,36.770,128.615,5,27,10.46,13.34,16.43,24.25,21.81,13.71,"50, 60",14200
읍면,장수면,반구리,,그 외,3등급,경상북도 영주시청,054-639-6944,2025-07-10,36.770,128.615,25,22,10.46,13.34,16.43,24.25,21.81,13.71,"50, 60",12100
읍면,장수면,반구리,,그 외,2등급,경상북도 영주시청,054-639-6944,2025-07-10,36.770,128.615,13,59,10.46,13.34,16.43,24.25,21.81,13.71,"50, 60",16600
읍면,장수면,반구리,,그 외,2등급,경상북도 영주시청,054-639-6944,2025-07-10,36.770,128.615,27,10,10.46,13.34,16.43,24.25,21.81,13.71,"50, 60",18900
읍면,장수면,반구리,158.64,단독,2등급,경상북도 영주시청,054-639-6944,2025-07-10,36.770,128.615,26,10,10.46,13.34,16.43,24.25,21.81,13.71,"50, 60",16800
읍면,장수면,반구리,167.94,단독,2등급,경상북도 영주시청,054-639-6944,2025-07-10,36.770,128.615,1,25,10.46,13.34,16.43,24.25,21.81,13.71,"50, 60",9100
읍면,장수면,반구리,,그 외,2등급,경상북도 영주시청,054-639-6944,2025-07-10,36.770,128.615,7,18,10.46,13.34,16.43,24.25,21.81,13.71,"50, 60",18700
읍면,장수면,성곡리,109.1,단독,2등급,경상북도 영주시청,054-639-6944,2025-07-10,36.765,128.595,20,5,10.46,13.34,16.43,24.25,21.81,13.71,"50, 60",8900
읍면,장수면,성곡리,,그 외,2등급,경상북도 영주시청,054-639-6944,2025-07-10,36.765,128.595,15,1,10.46,13.34,16.43,24.25,21.81,13.71,"50, 60",14900
읍면,장수면,성곡리,43,단독,3등급,경상북도 영주시청,054-639-6944,2025-07-10,36.765,128.595,6,13,10.46,13.34,16.43,24.25,21.81,13.71,"50, 60",11500
읍면,장수면,성곡리,60,단독,2등급,경상북도 영주시청,054-639-6944,2025-07-10,36.765,128.595,15,61,10.46,13.34,16.43,24.25,21.81,13.71,"50, 60",19100
읍면,장수면,성곡리,,그 외,2등급,경상북도 영주시청,054-639-6944,2025-07-10,36.765,128.595,10,6,10.46,13.34,16.43,24.25,21.81,13.71,"50, 60",18600
읍면,장수면,성곡리,,그 외,3등급,경상북도 영주시청,054-639-6944,2025-07-10,36.765,128.595,10,6,10.46,13.34,16.43,24.25,21.81,13.71,"50, 60",14600
읍면,장수면,소룡리,,그 외,2등급,경상북도 영주시청,054-639-6944,2025-07-10,36.760,128.610,13,7,10.46,13.34,16.43,24.25,21.81,13.71,"50, 60",9600
읍면,장수면,소룡리,,그 외,4등급,경상북도 영주시청,054-639-6944,2025-07-10,36.760,128.610,5,21,10.46,13.34,16.43,24.25,21.81,13.71,"50, 60",17000
읍면,장수면,소룡리,,그 외,3등급,경상북도 영주시청,054-639-6944,2025-07-10,36.760,128.610,5,43,10.46,13.34,16.43,24.25,21.81,13.71,"50, 60",15100
읍면,장수면,소룡리,,그 외,2등급,경상북도 영주시청,054-639-6944,2025-07-10,36.760,128.610,7,3,10.46,13.34,16.43,24.25,21.81,13.71,"50, 60",18700
읍면,장수면,소룡리,,그 외,3등급,경상북도 영주시청,054-639-6944,2025-07-10,36.760,128.610,5,2,10.46,13.34,16.43,24.25,21.81,13.71,"50, 60",9900
읍면,장수면,소룡리,59.5,단독,1등급,경상북도 영주시청,054-639-6944,2025-07-10,36.760,128.610,27,18,10.46,13.34,16.43,24.25,21.81,13.71,"50, 60",16700
읍면,장수면,소룡리,,그 외,2등급,경상북도 영주시청,054-639-6944,2025-07-10,36.760,128.610,27,12,10.46,13.34,16.43,24.25,21.81,13.71,"50, 60",8600
읍면,장수면,소룡리,46.28,그 외,3등급,경상북도 영주시청,054-639-6944,2025-07-10,36.760,128.610,13,2,10.46,13.34,16.43,24.25,21.81,13.71,"50, 60",11400
읍면,장수면,파지리,383.2,단독,1등급,경상북도 영주시청,054-639-6944,2025-07-10,36.750,128.605,16,3,10.46,13.34,16.43,24.25,21.81,13.71,"50, 60",11200
읍면,장수면,호문리,23.1,단독,4등급,경상북도 영주시청,054-639-6944,2025-07-10,36.758,128.598,7,94,10.46,13.34,16.43,24.25,21.81,13.71,"50, 60",13900
읍면,장수면,호문리,,그 외,2등급,경상북도 영주시청,054-639-6944,2025-07-10,36.758,128.598,29,14,10.46,13.34,16.43,24.25,21.81,13.71,"50, 60",13500
읍면,장수면,호문리,82.7,단독,2등급,경상북도 영주시청,054-639-6944,2025-07-10,36.758,128.598,18,65,10.46,13.34,16.43,24.25,21.81,13.71,"50, 60",19900
읍면,장수면,호문리,,단독,2등급,경상북도 영주시청,054-639-6944,2025-07-10,36.758,128.598,1,2,10.46,13.34,16.43,24.25,21.81,13.71,"50, 60",11300
읍면,장수면,호문리,59.5,단독,2등급,경상북도 영주시청,054-639-6944,2025-07-10,36.758,128.598,12,64,10.46,13.34,16.43,24.25,21.81,13.71,"50, 60",15700
읍면,장수면,호문리,,그 외,4등급,경상북도 영주시청,054-639-6944,2025-07-10,36.758,128.598,30,26,10.46,13.34,16.43,24.25,21.81,13.71,"50, 60",7400
읍면,장수면,호문리,49.59,단독,3등급,경상북도 영주시청,054-639-6944,2025-07-10,36.758,128.598,6,19,10.46,13.34,16.43,24.25,21.81,13.71,"50, 60",17400
읍면,장수면,호문리,,단독,4등급,경상북도 영주시청,054-639-6944,2025-07-10,36.758,128.598,27,69,10.46,13.34,16.43,24.25,21.81,13.71,"50, 60",13000
읍면,장수면,호문리,52.9,단독,3등급,경상북도 영주시청,054-639-6944,2025-07-10,36.758,128.598,6,12,10.46,13.34,16.43,24.25,21.81,13.71,"50, 60",17900
읍면,장수면,화기리,,그 외,2등급,경상북도 영주시청,054-639-6944,2025-07-10,36.745,128.590,30,41,10.46,13.34,16.43,24.25,21.81,13.71,"50, 60",7500
읍면,장수면,화기리,69.5,단독,2등급,경상북도 영주시청,054-639-6944,2025-07-10,36.745,128.590,11,12,10.46,13.34,16.43,24.25,21.81,13.71,"50, 60",12000
읍면,장수면,화기리,605.5,단독,2등급,경상북도 영주시청,054-639-6944,2025-07-10,36.745,128.590,24,3,10.46,13.34,16.43,24.25,21.81,13.71,"50, 60",9400
읍면,장수면,화기리,,그 외,1등급,경상북도 영주시청,054-639-6944,2025-07-10,36.745,128.590,19,23,10.46,13.34,16.43,24.25,21.81,13.71,"50, 60",10100
읍면,장수면,화기리,,단독,3등급,경상북도 영주시청,054-639-6944,2025-07-10,36.745,128.590,7,51,10.46,13.34,16.43,24.25,21.81,13.71,"50, 60",12500
읍면,장수면,화기리,,그 외,2등급,경상북도 영주시청,054-639-6944,2025-07-10,36.745,128.590,30,2,10.46,13.34,16.43,24.25,21.81,13.71,"50, 60",11200
읍면,장수면,화기리,,그 외,2등급,경상북도 영주시청,054-639-6944,2025-07-10,36.745,128.590,3,53,10.46,13.34,16.43,24.25,21.81,13.71,"50, 60",8700
읍면,장수면,화기리,,그 외,2등급,경상북도 영주시청,054-639-6944,2025-07-10,36.745,128.590,11,24,10.46,13.34,16.43,24.25,21.81,13.71,"50, 60",15600
읍면,안정면,내줄리,73.76,단독,2등급,경상북도 영주시청,054-639-6944,2025-07-10,36.682,128.635,12,5,9.19,11.07,14.82,26.01,25.1,13.81,"50, 60",7600
읍면,안정면,내줄리,66.27,단독,2등급,경상북도 영주시청,054-639-6944,2025-07-10,36.682,128.635,25,7,9.19,11.07,14.82,26.01,25.1,13.81,"50, 60",10000
읍면,안정면,내줄리,44.43,단독,2등급,경상북도 영주시청,054-639-6944,2025-07-10,36.682,128.635,16,13,9.19,11.07,14.82,26.01,25.1,13.81,"50, 60",9800
읍면,안정면,내줄리,73.99,단독,2등급,경상북도 영주시청,054-639-6944,2025-07-10,36.682,128.635,1,18,9.19,11.07,14.82,26.01,25.1,13.81,"50, 60",14500
읍면,안정면,단촌리,,그 외,3등급,경상북도 영주시청,054-639-6944,2025-07-10,36.675,128.655,29,66,9.19,11.07,14.82,26.01,25.1,13.81,"50, 60",8100
읍면,안정면,단촌리,94.97,단독,4등급,경상북도 영주시청,054-639-6944,2025-07-10,36.675,128.655,22,25,9.19,11.07,14.82,26.01,25.1,13.81,"50, 60",15700
읍면,안정면,단촌리,41.82,단독,2등급,경상북도 영주시청,054-639-6944,2025-07-10,36.675,128.655,27,25,9.19,11.07,14.82,26.01,25.1,13.81,"50, 60",17600
읍면,안정면,단촌리,41.16,단독,2등급,경상북도 영주시청,054-639-6944,2025-07-10,36.675,128.655,11,27,9.19,11.07,14.82,26.01,25.1,13.81,"50, 60",13800
읍면,안정면,대평리,67.82,단독,2등급,경상북도 영주시청,054-639-6944,2025-07-10,36.700,128.670,30,21,9.19,11.07,14.82,26.01,25.1,13.81,"50, 60",14800
읍면,안정면,동촌리,,그 외,1등급,경상북도 영주시청,054-639-6944,2025-07-10,36.700,128.670,9,37,9.19,11.07,14.82,26.01,25.1,13.81,"50, 60",19700
읍면,안정면,동촌리,56.49,단독,3등급,경상북도 영주시청,054-639-6944,2025-07-10,36.700,128.670,23,48,9.19,11.07,14.82,26.01,25.1,13.81,"50, 60",7800
읍면,안정면,동촌리,,그 외,3등급,경상북도 영주시청,054-639-6944,2025-07-10,36.700,128.670,15,12,9.19,11.07,14.82,26.01,25.1,13.81,"50, 60",8900
읍면,안정면,묵리,,단독,4등급,경상북도 영주시청,054-639-6944,2025-07-10,36.676,128.662,6,21,9.19,11.07,14.82,26.01,25.1,13.81,"50, 60",16700
읍면,안정면,묵리,52.59,단독,4등급,경상북도 영주시청,054-639-6944,2025-07-10,36.676,128.662,18,70,9.19,11.07,14.82,26.01,25.1,13.81,"50, 60",18000
읍면,안정면,묵리,58.86,단독,4등급,경상북도 영주시청,054-639-6944,2025-07-10,36.676,128.662,20,53,9.19,11.07,14.82,26.01,25.1,13.81,"50, 60",10800
읍면,안정면,묵리,,그 외,2등급,경상북도 영주시청,054-639-6944,2025-07-10,36.676,128.662,23,47,9.19,11.07,14.82,26.01,25.1,13.81,"50, 60",17900
읍면,안정면,묵리,69.1,그 외,2등급,경상북도 영주시청,054-639-6944,2025-07-10,36.676,128.662,17,44,9.19,11.07,14.82,26.01,25.1,13.81,"50, 60",13400
읍면,안정면,묵리,52.89,단독,2등급,경상북도 영주시청,054-639-6944,2025-07-10,36.676,128.662,22,27,9.19,11.07,14.82,26.01,25.1,13.81,"50, 60",8200
읍면,안정면,묵리,,그 외,3등급,경상북도 영주시청,054-639-6944,2025-07-10,36.676,128.662,23,45,9.19,11.07,14.82,26.01,25.1,13.81,"50, 60",17400
읍면,안정면,묵리,148.16,단독,4등급,경상북도 영주시청,054-639-6944,2025-07-10,36.676,128.662,29,15,9.19,11.07,14.82,26.01,25.1,13.81,"50, 60",15000
읍면,안정면,묵리,114.74,단독,3등급,경상북도 영주시청,054-639-6944,2025-07-10,36.676,128.662,15,1,9.19,11.07,14.82,26.01,25.1,13.81,"50, 60",13700
읍면,안정면,묵리,215.64,단독,4등급,경상북도 영주시청,054-639-6944,2025-07-10,36.676,128.662,2,3,9.19,11.07,14.82,26.01,25.1,13.81,"50, 60",19900
읍면,안정면,봉암리,,그 외,2등급,경상북도 영주시청,054-639-6944,2025-07-10,36.695,128.655,16,11,9.19,11.07,14.82,26.01,25.1,13.81,"50, 60",9900
읍면,안정면,생현리,121.41,단독,3등급,경상북도 영주시청,054-639-6944,2025-07-10,36.669,128.640,2,7,9.19,11.07,14.82,26.01,25.1,13.81,"50, 60",7700
읍면,안정면,신전리,64.92,단독,1등급,경상북도 영주시청,054-639-6944,2025-07-10,36.680,128.645,28,21,9.19,11.07,14.82,26.01,25.1,13.81,"50, 60",15700
읍면,안정면,신전리,,단독,3등급,경상북도 영주시청,054-639-6944,2025-07-10,36.680,128.645,10,64,9.19,11.07,14.82,26.01,25.1,13.81,"50, 60",7900
읍면,안정면,안심리,81.85,단독,3등급,경상북도 영주시청,054-639-6944,2025-07-10,36.674,128.655,24,31,9.19,11.07,14.82,26.01,25.1,13.81,"50, 60",8900
읍면,안정면,안심리,,그 외,2등급,경상북도 영주시청,054-639-6944,2025-07-10,36.674,128.655,20,57,9.19,11.07,14.82,26.01,25.1,13.81,"50, 60",10300
읍면,안정면,안심리,,그 외,2등급,경상북도 영주시청,054-639-6944,2025-07-10,36.674,128.655,6,46,9.19,11.07,14.82,26.01,25.1,13.81,"50, 60",12300
읍면,안정면,안심리,,그 외,1등급,경상북도 영주시청,054-639-6944,2025-07-10,36.674,128.655,26,22,9.19,11.07,14.82,26.01,25.1,13.81,"50, 60",16800
읍면,안정면,안심리,504.77,단독,4등급,경상북도 영주시청,054-639-6944,2025-07-10,36.674,128.655,24,25,9.19,11.07,14.82,26.01,25.1,13.81,"50, 60",11100
읍면,안정면,안심리,140.95,단독,1등급,경상북도 영주시청,054-639-6944,2025-07-10,36.674,128.655,22,34,9.19,11.07,14.82,26.01,25.1,13.81,"50, 60",13200
읍면,안정면,안심리,,그 외,4등급,경상북도 영주시청,054-639-6944,2025-07-10,36.674,128.655,22,30,9.19,11.07,14.82,26.01,25.1,13.81,"50, 60",8700
읍면,안정면,안심리,118.89,단독,2등급,경상북도 영주시청,054-639-6944,2025-07-10,36.674,128.655,27,13,9.19,11.07,14.82,26.01,25.1,13.81,"50, 60",7300
읍면,안정면,안심리,,그 외,4등급,경상북도 영주시청,054-639-6944,2025-07-10,36.674,128.655,18,44,9.19,11.07,14.82,26.01,25.1,13.81,"50, 60",15700
읍면,안정면,여륵리,599.16,단독,4등급,경상북도 영주시청,054-639-6944,2025-07-10,36.680,128.670,7,4,9.19,11.07,14.82,26.01,25.1,13.81,"50, 60",9100
읍면,안정면,여륵리,,그 외,2등급,경상북도 영주시청,054-639-6944,2025-07-10,36.680,128.670,14,11,9.19,11.07,14.82,26.01,25.1,13.81,"50, 60",13300
읍면,안정면,여륵리,105.18,단독,2등급,경상북도 영주시청,054-639-6944,2025-07-10,36.680,128.670,8,3,9.19,11.07,14.82,26.01,25.1,13.81,"50, 60",15700
읍면,안정면,여륵리,,그 외,3등급,경상북도 영주시청,054-639-6944,2025-07-10,36.680,128.670,30,18,9.19,11.07,14.82,26.01,25.1,13.81,"50, 60",7900
읍면,안정면,여륵리,147.99,단독,2등급,경상북도 영주시청,054-639-6944,2025-07-10,36.680,128.670,10,30,9.19,11.07,14.82,26.01,25.1,13.81,"50, 60",18700
읍면,안정면,여륵리,344.63,단독,1등급,경상북도 영주시청,054-639-6944,2025-07-10,36.680,128.670,19,26,9.19,11.07,14.82,26.01,25.1,13.81,"50, 60",11600
읍면,안정면,오계리,,그 외,2등급,경상북도 영주시청,054-639-6944,2025-07-10,36.695,128.635,5,33,9.19,11.07,14.82,26.01,25.1,13.81,"50, 60",17400
읍면,안정면,오계리,132.74,단독,3등급,경상북도 영주시청,054-639-6944,2025-07-10,36.695,128.635,11,41,9.19,11.07,14.82,26.01,25.1,13.81,"50, 60",13200
읍면,안정면,오계리,111.56,단독,4등급,경상북도 영주시청,054-639-6944,2025-07-10,36.695,128.635,7,75,9.19,11.07,14.82,26.01,25.1,13.81,"50, 60",14100
읍면,안정면,오계리,,그 외,3등급,경상북도 영주시청,054-639-6944,2025-07-10,36.695,128.635,29,42,9.19,11.07,14.82,26.01,25.1,13.81,"50, 60",15000
읍면,안정면,오계리,,그 외,3등급,경상북도 영주시청,054-639-6944,2025-07-10,36.695,128.635,3,22,9.19,11.07,14.82,26.01,25.1,13.81,"50, 60",12400
읍면,안정면,오계리,,그 외,4등급,경상북도 영주시청,054-639-6944,2025-07-10,36.695,128.635,17,22,9.19,11.07,14.82,26.01,25.1,13.81,"50, 60",19000
읍면,안정면,오계리,,그 외,3등급,경상북도 영주시청,054-639-6944,2025-07-10,36.695,128.635,10,23,9.19,11.07,14.82,26.01,25.1,13.81,"50, 60",14500
읍면,안정면,오계리,,그 외,3등급,경상북도 영주시청,054-639-6944,2025-07-10,36.695,128.635,17,68,9.19,11.07,14.82,26.01,25.1,13.81,"50, 60",19900
읍면,안정면,옹암리,,그 외,2등급,경상북도 영주시청,054-639-6944,2025-07-10,36.695,128.635,5,39,9.19,11.07,14.82,26.01,25.1,13.81,"50, 60",12700
읍면,안정면,용산리,65.38,단독,1등급,경상북도 영주시청,054-639-6944,2025-07-10,36.670,128.670,8,14,9.19,11.07,14.82,26.01,25.1,13.81,"50, 60",18400
읍면,안정면,용산리,,단독,2등급,경상북도 영주시청,054-639-6944,2025-07-10,36.670,128.670,29,1,9.19,11.07,14.82,26.01,25.1,13.81,"50, 60",12400
읍면,안정면,용산리,225.32,단독,2등급,경상북도 영주시청,054-639-6944,2025-07-10,36.670,128.670,27,7,9.19,11.07,14.82,26.01,25.1,13.81,"50, 60",8700
읍면,안정면,용산리,,단독,2등급,경상북도 영주시청,054-639-6944,2025-07-10,36.670,128.670,16,9,9.19,11.07,14.82,26.01,25.1,13.81,"50, 60",8400
읍면,안정면,용산리,46.52,단독,2등급,경상북도 영주시청,054-639-6944,2025-07-10,36.670,128.670,25,30,9.19,11.07,14.82,26.01,25.1,13.81,"50, 60",8100
읍면,안정면,일원리,,그 외,2등급,경상북도 영주시청,054-639-6944,2025-07-10,36.688,128.648,13,12,9.19,11.07,14.82,26.01,25.1,13.81,"50, 60",7600
읍면,안정면,일원리,62.48,단독,2등급,경상북도 영주시청,054-639-6944,2025-07-10,36.688,128.648,20,7,9.19,11.07,14.82,26.01,25.1,13.81,"50, 60",12700
읍면,봉현면,대촌리,,그 외,2등급,경상북도 영주시청,054-639-6944,2025-07-10,36.825,128.600,18,3,8.81,11.23,14.02,24.94,25.71,15.3,"50, 60",10900
읍면,봉현면,대촌리,,그 외,2등급,경상북도 영주시청,054-639-6944,2025-07-10,36.825,128.600,14,49,8.81,11.23,14.02,24.94,25.71,15.3,"50, 60",8500
읍면,봉현면,두산리,,그 외,3등급,경상북도 영주시청,054-639-6944,2025-07-10,36.810,128.590,7,29,8.81,11.23,14.02,24.94,25.71,15.3,"50, 60",17500
읍면,봉현면,두산리,132.5,단독,3등급,경상북도 영주시청,054-639-6944,2025-07-10,36.810,128.590,25,12,8.81,11.23,14.02,24.94,25.71,15.3,"50, 60",15100
읍면,봉현면,오현리,,단독,2등급,경상북도 영주시청,054-639-6944,2025-07-10,36.815,128.605,16,45,8.81,11.23,14.02,24.94,25.71,15.3,"50, 60",17900
읍면,봉현면,오현리,74.85,단독,2등급,경상북도 영주시청,054-639-6944,2025-07-10,36.815,128.605,4,63,8.81,11.23,14.02,24.94,25.71,15.3,"50, 60",16200
읍면,봉현면,오현리,53.85,단독,1등급,경상북도 영주시청,054-639-6944,2025-07-10,36.815,128.605,28,19,8.81,11.23,14.02,24.94,25.71,15.3,"50, 60",17900
읍면,봉현면,오현리,,그 외,2등급,경상북도 영주시청,054-639-6944,2025-07-10,36.815,128.605,11,44,8.81,11.23,14.02,24.94,25.71,15.3,"50, 60",16200
읍면,봉현면,오현리,,그 외,2등급,경상북도 영주시청,054-639-6944,2025-07-10,36.815,128.605,20,87,8.81,11.23,14.02,24.94,25.71,15.3,"50, 60",10900
읍면,봉현면,오현리,168.04,단독,1등급,경상북도 영주시청,054-639-6944,2025-07-10,36.815,128.605,11,73,8.81,11.23,14.02,24.94,25.71,15.3,"50, 60",20000
읍면,봉현면,오현리,48.6,단독,2등급,경상북도 영주시청,054-639-6944,2025-07-10,36.815,128.605,14,16,8.81,11.23,14.02,24.94,25.71,15.3,"50, 60",10300
읍면,봉현면,오현리,,그 외,2등급,경상북도 영주시청,054-639-6944,2025-07-10,36.815,128.605,20,4,8.81,11.23,14.02,24.94,25.71,15.3,"50, 60",17100
읍면,봉현면,오현리,,그 외,3등급,경상북도 영주시청,054-639-6944,2025-07-10,36.815,128.605,3,62,8.81,11.23,14.02,24.94,25.71,15.3,"50, 60",9600
읍면,봉현면,오현리,,그 외,4등급,경상북도 영주시청,054-639-6944,2025-07-10,36.815,128.605,28,18,8.81,11.23,14.02,24.94,25.71,15.3,"50, 60",17900
읍면,봉현면,오현리,,그 외,1등급,경상북도 영주시청,054-639-6944,2025-07-10,36.815,128.605,25,41,8.81,11.23,14.02,24.94,25.71,15.3,"50, 60",8000
읍면,봉현면,유전리,,그 외,2등급,경상북도 영주시청,054-639-6944,2025-07-10,36.830,128.615,18,18,8.81,11.23,14.02,24.94,25.71,15.3,"50, 60",11700
읍면,봉현면,유전리,,그 외,2등급,경상북도 영주시청,054-639-6944,2025-07-10,36.830,128.615,22,25,8.81,11.23,14.02,24.94,25.71,15.3,"50, 60",18300
읍면,봉현면,유전리,59,단독,3등급,경상북도 영주시청,054-639-6944,2025-07-10,36.830,128.615,11,20,8.81,11.23,14.02,24.94,25.71,15.3,"50, 60",8600
읍면,봉현면,유전리,,그 외,4등급,경상북도 영주시청,054-639-6944,2025-07-10,36.830,128.615,27,27,8.81,11.23,14.02,24.94,25.71,15.3,"50, 60",19700
읍면,봉현면,유전리,,그 외,1등급,경상북도 영주시청,054-639-6944,2025-07-10,36.830,128.615,20,68,8.81,11.23,14.02,24.94,25.71,15.3,"50, 60",7800
읍면,봉현면,하촌리,,그 외,2등급,경상북도 영주시청,054-639-6944,2025-07-10,36.807,128.568,10,55,8.81,11.23,14.02,24.94,25.71,15.3,"50, 60",14700
읍면,봉현면,하촌리,,그 외,3등급,경상북도 영주시청,054-639-6944,2025-07-10,36.807,128.568,13,16,8.81,11.23,14.02,24.94,25.71,15.3,"50, 60",14200
읍면,봉현면,한천리,,그 외,2등급,경상북도 영주시청,054-639-6944,2025-07-10,36.800,128.560,18,10,8.81,11.23,14.02,24.94,25.71,15.3,"50, 60",15400
읍면,순흥면,내죽리,106.94,단독,1등급,경상북도 영주시청,054-639-6944,2025-07-10,36.895,128.625,28,18,10.66,12.58,14.88,23.42,22.97,15.49,"50, 60",17000
읍면,순흥면,내죽리,,그 외,2등급,경상북도 영주시청,054-639-6944,2025-07-10,36.895,128.625,27,35,10.66,12.58,14.88,23.42,22.97,15.49,"50, 60",17500
읍면,순흥면,내죽리,86,단독,2등급,경상북도 영주시청,054-639-6944,2025-07-10,36.895,128.625,17,37,10.66,12.58,14.88,23.42,22.97,15.49,"50, 60",7400
읍면,순흥면,내죽리,33.1,단독,3등급,경상북도 영주시청,054-639-6944,2025-07-10,36.895,128.625,4,49,10.66,12.58,14.88,23.42,22.97,15.49,"50, 60",9900
읍면,순흥면,내죽리,29.8,단독,3등급,경상북도 영주시청,054-639-6944,2025-07-10,36.895,128.625,7,11,10.66,12.58,14.88,23.42,22.97,15.49,"50, 60",13500
읍면,순흥면,내죽리,143.16,단독,1등급,경상북도 영주시청,054-639-6944,2025-07-10,36.895,128.625,19,53,10.66,12.58,14.88,23.42,22.97,15.49,"50, 60",11600
읍면,순흥면,내죽리,,그 외,2등급,경상북도 영주시청,054-639-6944,2025-07-10,36.895,128.625,3,15,10.66,12.58,14.88,23.42,22.97,15.49,"50, 60",9100
읍면,순흥면,내죽리,,그 외,1등급,경상북도 영주시청,054-639-6944,2025-07-10,36.895,128.625,27,26,10.66,12.58,14.88,23.42,22.97,15.49,"50, 60",9800
읍면,순흥면,배점리,,그 외,4등급,경상북도 영주시청,054-639-6944,2025-07-10,36.910,128.620,9,28,10.66,12.58,14.88,23.42,22.97,15.49,"50, 60",16900
읍면,순흥면,배점리,,그 외,2등급,경상북도 영주시청,054-639-6944,2025-07-10,36.910,128.620,14,19,10.66,12.58,14.88,23.42,22.97,15.49,"50, 60",8700
읍면,순흥면,배점리,,그 외,2등급,경상북도 영주시청,054-639-6944,2025-07-10,36.910,128.620,30,51,10.66,12.58,14.88,23.42,22.97,15.49,"50, 60",13400
읍면,순흥면,배점리,,그 외,1등급,경상북도 영주시청,054-639-6944,2025-07-10,36.910,128.620,3,31,10.66,12.58,14.88,23.42,22.97,15.49,"50, 60",16200
읍면,순흥면,배점리,144.76,단독,1등급,경상북도 영주시청,054-639-6944,2025-07-10,36.910,128.620,28,67,10.66,12.58,14.88,23.42,22.97,15.49,"50, 60",19500
읍면,순흥면,배점리,,그 외,2등급,경상북도 영주시청,054-639-6944,2025-07-10,36.910,128.620,6,11,10.66,12.58,14.88,23.42,22.97,15.49,"50, 60",8700
읍면,순흥면,석교리,,그 외,2등급,경상북도 영주시청,054-639-6944,2025-07-10,36.900,128.610,25,96,10.66,12.58,14.88,23.42,22.97,15.49,"50, 60",10200
읍면,순흥면,석교리,,그 외,3등급,경상북도 영주시청,054-639-6944,2025-07-10,36.900,128.610,14,23,10.66,12.58,14.88,23.42,22.97,15.49,"50, 60",12700
읍면,순흥면,석교리,74.2,단독,1등급,경상북도 영주시청,054-639-6944,2025-07-10,36.900,128.610,29,25,10.66,12.58,14.88,23.42,22.97,15.49,"50, 60",13300
읍면,순흥면,석교리,,그 외,2등급,경상북도 영주시청,054-639-6944,2025-07-10,36.900,128.610,20,4,10.66,12.58,14.88,23.42,22.97,15.49,"50, 60",11900
읍면,순흥면,석교리,,그 외,1등급,경상북도 영주시청,054-639-6944,2025-07-10,36.900,128.610,29,48,10.66,12.58,14.88,23.42,22.97,15.49,"50, 60",15400
읍면,순흥면,읍내리,92.89,단독,2등급,경상북도 영주시청,054-639-6944,2025-07-10,36.920,128.615,11,83,10.66,12.58,14.88,23.42,22.97,15.49,"50, 60",18700
읍면,순흥면,읍내리,,그 외,2등급,경상북도 영주시청,054-639-6944,2025-07-10,36.920,128.615,26,49,10.66,12.58,14.88,23.42,22.97,15.49,"50, 60",15700
읍면,순흥면,읍내리,,그 외,3등급,경상북도 영주시청,054-639-6944,2025-07-10,36.920,128.615,13,3,10.66,12.58,14.88,23.42,22.97,15.49,"50, 60",8300
읍면,순흥면,읍내리,,그 외,4등급,경상북도 영주시청,054-639-6944,2025-07-10,36.920,128.615,27,34,10.66,12.58,14.88,23.42,22.97,15.49,"50, 60",8200
읍면,순흥면,읍내리,39.66,단독,2등급,경상북도 영주시청,054-639-6944,2025-07-10,36.920,128.615,8,54,10.66,12.58,14.88,23.42,22.97,15.49,"50, 60",8300
읍면,순흥면,지동리,95.9,단독,2등급,경상북도 영주시청,054-639-6944,2025-07-10,36.848,128.640,27,91,10.66,12.58,14.88,23.42,22.97,15.49,"50, 60",7600
읍면,순흥면,지동리,266.13,단독,1등급,경상북도 영주시청,054-639-6944,2025-07-10,36.848,128.640,27,28,10.66,12.58,14.88,23.42,22.97,15.49,"50, 60",8400
읍면,순흥면,지동리,47.45,단독,3등급,경상북도 영주시청,054-639-6944,2025-07-10,36.848,128.640,19,50,10.66,12.58,14.88,23.42,22.97,15.49,"50, 60",17600
읍면,순흥면,지동리,116.16,단독,2등급,경상북도 영주시청,054-639-6944,2025-07-10,36.848,128.640,6,62,10.66,12.58,14.88,23.42,22.97,15.49,"50, 60",17100
읍면,순흥면,지동리,115.97,단독,1등급,경상북도 영주시청,054-639-6944,2025-07-10,36.848,128.640,23,67,10.66,12.58,14.88,23.42,22.97,15.49,"50, 60",18300
읍면,순흥면,지동리,,그 외,4등급,경상북도 영주시청,054-639-6944,2025-07-10,36.848,128.640,9,52,10.66,12.58,14.88,23.42,22.97,15.49,"50, 60",17400
읍면,순흥면,지동리,98.52,단독,1등급,경상북도 영주시청,054-639-6944,2025-07-10,36.848,128.640,28,8,10.66,12.58,14.88,23.42,22.97,15.49,"50, 60",16900
읍면,순흥면,지동리,166.77,단독,2등급,경상북도 영주시청,054-639-6944,2025-07-10,36.848,128.640,3,56,10.66,12.58,14.88,23.42,22.97,15.49,"50, 60",19500
읍면,순흥면,지동리,66.1,단독,2등급,경상북도 영주시청,054-639-6944,2025-07-10,36.848,128.640,30,58,10.66,12.58,14.88,23.42,22.97,15.49,"50, 60",10200
읍면,순흥면,청구리,,그 외,2등급,경상북도 영주시청,054-639-6944,2025-07-10,36.925,128.630,9,3,10.66,12.58,14.88,23.42,22.97,15.49,"50, 60",15600
읍면,순흥면,청구리,,그 외,3등급,경상북도 영주시청,054-639-6944,2025-07-10,36.925,128.630,1,7,10.66,12.58,14.88,23.42,22.97,15.49,"50, 60",10100
읍면,순흥면,청구리,,그 외,2등급,경상북도 영주시청,054-639-6944,2025-07-10,36.925,128.630,20,21,10.66,12.58,14.88,23.42,22.97,15.49,"50, 60",11100
읍면,순흥면,청구리,76,단독,1등급,경상북도 영주시청,054-639-6944,2025-07-10,36.925,128.630,25,21,10.66,12.58,14.88,23.42,22.97,15.49,"50, 60",18000
읍면,순흥면,청구리,,그 외,4등급,경상북도 영주시청,054-639-6944,2025-07-10,36.925,128.630,23,35,10.66,12.58,14.88,23.42,22.97,15.49,"50, 60",17100
읍면,순흥면,태장리,,그 외,2등급,경상북도 영주시청,054-639-6944,2025-07-10,36.905,128.635,16,9,10.66,12.58,14.88,23.42,22.97,15.49,"50, 60",16300
읍면,순흥면,태장리,,그 외,1등급,경상북도 영주시청,054-639-6944,2025-07-10,36.905,128.635,30,25,10.66,12.58,14.88,23.42,22.97,15.49,"50, 60",15500
읍면,순흥면,태장리,,그 외,1등급,경상북도 영주시청,054-639-6944,2025-07-10,36.905,128.635,16,2,10.66,12.58,14.88,23.42,22.97,15.49,"50, 60",13300
읍면,순흥면,태장리,23.1,단독,3등급,경상북도 영주시청,054-639-6944,2025-07-10,36.905,128.635,6,30,10.66,12.58,14.88,23.42,22.97,15.49,"50, 60",10100
읍면,단산면,구구리,262,단독,3등급,경상북도 영주시청,054-639-6944,2025-07-10,36.945,128.715,3,20,9,10.6,14.58,24.48,26.68,14.66,"50, 60",19100
읍면,단산면,구구리,76.3,단독,4등급,경상북도 영주시청,054-639-6944,2025-07-10,36.945,128.715,3,56,9,10.6,14.58,24.48,26.68,14.66,"50, 60",15600
읍면,단산면,구구리,,그 외,2등급,경상북도 영주시청,054-639-6944,2025-07-10,36.945,128.715,22,35,9,10.6,14.58,24.48,26.68,14.66,"50, 60",16000
읍면,단산면,구구리,213.1,단독,4등급,경상북도 영주시청,054-639-6944,2025-07-10,36.945,128.715,14,22,9,10.6,14.58,24.48,26.68,14.66,"50, 60",10600
읍면,단산면,구구리,98.56,단독,1등급,경상북도 영주시청,054-639-6944,2025-07-10,36.945,128.715,2,77,9,10.6,14.58,24.48,26.68,14.66,"50, 60",18200
읍면,단산면,구구리,43.9,단독,4등급,경상북도 영주시청,054-639-6944,2025-07-10,36.945,128.715,16,31,9,10.6,14.58,24.48,26.68,14.66,"50, 60",18200
읍면,단산면,구구리,24.7,단독,3등급,경상북도 영주시청,054-639-6944,2025-07-10,36.945,128.715,1,68,9,10.6,14.58,24.48,26.68,14.66,"50, 60",14800
읍면,단산면,단곡리,49.09,단독,3등급,경상북도 영주시청,054-639-6944,2025-07-10,36.948,128.705,12,7,9,10.6,14.58,24.48,26.68,14.66,"50, 60",19300
읍면,단산면,단곡리,106.83,단독,1등급,경상북도 영주시청,054-639-6944,2025-07-10,36.948,128.705,3,20,9,10.6,14.58,24.48,26.68,14.66,"50, 60",12500
읍면,단산면,단곡리,52.05,단독,2등급,경상북도 영주시청,054-639-6944,2025-07-10,36.948,128.705,17,21,9,10.6,14.58,24.48,26.68,14.66,"50, 60",18800
읍면,단산면,단곡리,31.5,단독,2등급,경상북도 영주시청,054-639-6944,2025-07-10,36.948,128.705,26,28,9,10.6,14.58,24.48,26.68,14.66,"50, 60",15000
읍면,단산면,단곡리,33.8,단독,2등급,경상북도 영주시청,054-639-6944,2025-07-10,36.948,128.705,14,15,9,10.6,14.58,24.48,26.68,14.66,"50, 60",16800
읍면,단산면,단곡리,,그 외,1등급,경상북도 영주시청,054-639-6944,2025-07-10,36.948,128.705,3,28,9,10.6,14.58,24.48,26.68,14.66,"50, 60",13600
읍면,단산면,동원리,,그 외,3등급,경상북도 영주시청,054-639-6944,2025-07-10,36.920,128.710,1,20,9,10.6,14.58,24.48,26.68,14.66,"50, 60",14500
읍면,단산면,동원리,39.1,단독,2등급,경상북도 영주시청,054-639-6944,2025-07-10,36.920,128.710,3,63,9,10.6,14.58,24.48,26.68,14.66,"50, 60",11500
읍면,단산면,동원리,,그 외,1등급,경상북도 영주시청,054-639-6944,2025-07-10,36.920,128.710,21,14,9,10.6,14.58,24.48,26.68,14.66,"50, 60",11000
읍면,단산면,동원리,73.65,단독,1등급,경상북도 영주시청,054-639-6944,2025-07-10,36.920,128.710,30,95,9,10.6,14.58,24.48,26.68,14.66,"50, 60",10400
읍면,단산면,동원리,,그 외,2등급,경상북도 영주시청,054-639-6944,2025-07-10,36.920,128.710,22,57,9,10.6,14.58,24.48,26.68,14.66,"50, 60",18500
읍면,단산면,동원리,105.3,단독,2등급,경상북도 영주시청,054-639-6944,2025-07-10,36.920,128.710,27,57,9,10.6,14.58,24.48,26.68,14.66,"50, 60",15200
읍면,단산면,동원리,39.6,단독,2등급,경상북도 영주시청,054-639-6944,2025-07-10,36.920,128.710,25,8,9,10.6,14.58,24.48,26.68,14.66,"50, 60",17100
읍면,단산면,동원리,,그 외,3등급,경상북도 영주시청,054-639-6944,2025-07-10,36.920,128.710,7,12,9,10.6,14.58,24.48,26.68,14.66,"50, 60",11500
읍면,단산면,동원리,89.5,단독,3등급,경상북도 영주시청,054-639-6944,2025-07-10,36.920,128.710,13,42,9,10.6,14.58,24.48,26.68,14.66,"50, 60",10000
읍면,단산면,동원리,50.6,단독,3등급,경상북도 영주시청,054-639-6944,2025-07-10,36.920,128.710,14,69,9,10.6,14.58,24.48,26.68,14.66,"50, 60",14600
읍면,단산면,동원리,,그 외,2등급,경상북도 영주시청,054-639-6944,2025-07-10,36.920,128.710,1,29,9,10.6,14.58,24.48,26.68,14.66,"50, 60",13900
읍면,단산면,동원리,,그 외,2등급,경상북도 영주시청,054-639-6944,2025-07-10,36.920,128.710,23,60,9,10.6,14.58,24.48,26.68,14.66,"50, 60",10700
읍면,단산면,동원리,,그 외,2등급,경상북도 영주시청,054-639-6944,2025-07-10,36.920,128.710,24,59,9,10.6,14.58,24.48,26.68,14.66,"50, 60",12100
읍면,단산면,마락리,57.8,단독,1등급,경상북도 영주시청,054-639-6944,2025-07-10,36.925,128.690,21,20,9,10.6,14.58,24.48,26.68,14.66,"50, 60",18000
읍면,단산면,마락리,21.8,단독,4등급,경상북도 영주시청,054-639-6944,2025-07-10,36.925,128.690,14,19,9,10.6,14.58,24.48,26.68,14.66,"50, 60",16800
읍면,단산면,병산리,137.3,단독,2등급,경상북도 영주시청,054-639-6944,2025-07-10,36.950,128.730,8,2,9,10.6,14.58,24.48,26.68,14.66,"50, 60",16400
읍면,단산면,병산리,46.2,단독,2등급,경상북도 영주시청,054-639-6944,2025-07-10,36.950,128.730,26,16,9,10.6,14.58,24.48,26.68,14.66,"50, 60",20000
읍면,단산면,병산리,481.23,단독,2등급,경상북도 영주시청,054-639-6944,2025-07-10,36.950,128.730,18,59,9,10.6,14.58,24.48,26.68,14.66,"50, 60",14400
읍면,단산면,병산리,40.3,단독,1등급,경상북도 영주시청,054-639-6944,2025-07-10,36.950,128.730,3,63,9,10.6,14.58,24.48,26.68,14.66,"50, 60",12400
읍면,단산면,병산리,53.8,단독,3등급,경상북도 영주시청,054-639-6944,2025-07-10,36.950,128.730,23,9,9,10.6,14.58,24.48,26.68,14.66,"50, 60",9700
읍면,단산면,사천리,99.2,단독,1등급,경상북도 영주시청,054-639-6944,2025-07-10,36.915,128.695,15,1,9,10.6,14.58,24.48,26.68,14.66,"50, 60",15800
읍면,단산면,사천리,21.2,단독,4등급,경상북도 영주시청,054-639-6944,2025-07-10,36.915,128.695,9,39,9,10.6,14.58,24.48,26.68,14.66,"50, 60",18100
읍면,단산면,사천리,69.7,단독,2등급,경상북도 영주시청,054-639-6944,2025-07-10,36.915,128.695,26,11,9,10.6,14.58,24.48,26.68,14.66,"50, 60",14000
읍면,단산면,사천리,137.2,단독,1등급,경상북도 영주시청,054-639-6944,2025-07-10,36.915,128.695,15,7,9,10.6,14.58,24.48,26.68,14.66,"50, 60",14800
읍면,단산면,사천리,,그 외,3등급,경상북도 영주시청,054-639-6944,2025-07-10,36.915,128.695,2,43,9,10.6,14.58,24.48,26.68,14.66,"50, 60",13200
읍면,단산면,사천리,,그 외,4등급,경상북도 영주시청,054-639-6944,2025-07-10,36.915,128.695,1,21,9,10.6,14.58,24.48,26.68,14.66,"50, 60",17800
읍면,단산면,사천리,70.4,단독,1등급,경상북도 영주시청,054-639-6944,2025-07-10,36.915,128.695,11,22,9,10.6,14.58,24.48,26.68,14.66,"50, 60",14500
읍면,단산면,옥대리,153.7,단독,1등급,경상북도 영주시청,054-639-6944,2025-07-10,36.935,128.720,15,18,9,10.6,14.58,24.48,26.68,14.66,"50, 60",7300
읍면,단산면,옥대리,136.68,단독,3등급,경상북도 영주시청,054-639-6944,2025-07-10,36.935,128.720,13,15,9,10.6,14.58,24.48,26.68,14.66,"50, 60",10300
읍면,단산면,옥대리,133.37,단독,2등급,경상북도 영주시청,054-639-6944,2025-07-10,36.935,128.720,1,4,9,10.6,14.58,24.48,26.68,14.66,"50, 60",17600
읍면,단산면,옥대리,90.6,단독,2등급,경상북도 영주시청,054-639-6944,2025-07-10,36.935,128.720,14,11,9,10.6,14.58,24.48,26.68,14.66,"50, 60",16200
읍면,단산면,옥대리,,그 외,3등급,경상북도 영주시청,054-639-6944,2025-07-10,36.935,128.720,23,86,9,10.6,14.58,24.48,26.68,14.66,"50, 60",8900
읍면,단산면,옥대리,,그 외,3등급,경상북도 영주시청,054-639-6944,2025-07-10,36.935,128.720,6,23,9,10.6,14.58,24.48,26.68,14.66,"50, 60",16200
읍면,단산면,옥대리,44.3,단독,2등급,경상북도 영주시청,054-639-6944,2025-07-10,36.935,128.720,14,30,9,10.6,14.58,24.48,26.68,14.66,"50, 60",13200
읍면,단산면,옥대리,22.75,단독,1등급,경상북도 영주시청,054-639-6944,2025-07-10,36.935,128.720,26,5,9,10.6,14.58,24.48,26.68,14.66,"50, 60",16300
읍면,단산면,옥대리,,그 외,2등급,경상북도 영주시청,054-639-6944,2025-07-10,36.935,128.720,21,10,9,10.6,14.58,24.48,26.68,14.66,"50, 60",8800
읍면,단산면,옥대리,73.1,단독,2등급,경상북도 영주시청,054-639-6944,2025-07-10,36.935,128.720,13,68,9,10.6,14.58,24.48,26.68,14.66,"50, 60",10900
읍면,단산면,옥대리,36.1,단독,2등급,경상북도 영주시청,054-639-6944,2025-07-10,36.935,128.720,1,66,9,10.6,14.58,24.48,26.68,14.66,"50, 60",10500
읍면,단산면,옥대리,,그 외,2등급,경상북도 영주시청,054-639-6944,2025-07-10,36.935,128.720,13,12,9,10.6,14.58,24.48,26.68,14.66,"50, 60",10000
읍면,단산면,옥대리,,그 외,1등급,경상북도 영주시청,054-639-6944,2025-07-10,36.935,128.720,1,19,9,10.6,14.58,24.48,26.68,14.66,"50, 60",16800
읍면,단산면,옥대리,,그 외,1등급,경상북도 영주시청,054-639-6944,2025-07-10,36.935,128.720,6,74,9,10.6,14.58,24.48,26.68,14.66,"50, 60",7800
읍면,단산면,옥대리,72.1,단독,2등급,경상북도 영주시청,054-639-6944,2025-07-10,36.935,128.720,23,58,9,10.6,14.58,24.48,26.68,14.66,"50, 60",7200
읍면,단산면,옥대리,76,단독,2등급,경상북도 영주시청,054-639-6944,2025-07-10,36.935,128.720,27,16,9,10.6,14.58,24.48,26.68,14.66,"50, 60",17100
읍면,단산면,좌석리,185.3,단독,4등급,경상북도 영주시청,054-639-6944,2025-07-10,36.930,128.705,10,29,9,10.6,14.58,24.48,26.68,14.66,"50, 60",12700
읍면,단산면,좌석리,96.6,단독,2등급,경상북도 영주시청,054-639-6944,2025-07-10,36.930,128.705,27,66,9,10.6,14.58,24.48,26.68,14.66,"50, 60",9000
읍면,부석면,감곡리,,그 외,2등급,경상북도 영주시청,054-639-6944,2025-07-10,36.952,128.720,16,29,6.92,10.1,14.31,25.22,27.7,15.75,"50, 60",17300
읍면,부석면,감곡리,129.57,그 외,2등급,경상북도 영주시청,054-639-6944,2025-07-10,36.952,128.720,23,6,6.92,10.1,14.31,25.22,27.7,15.75,"50, 60",16400
읍면,부석면,감곡리,60.16,단독,2등급,경상북도 영주시청,054-639-6944,2025-07-10,36.952,128.720,20,98,6.92,10.1,14.31,25.22,27.7,15.75,"50, 60",18300
읍면,부석면,감곡리,33.05,단독,2등급,경상북도 영주시청,054-639-6944,2025-07-10,36.952,128.720,28,23,6.92,10.1,14.31,25.22,27.7,15.75,"50, 60",14400
읍면,부석면,감곡리,302.8,그 외,1등급,경상북도 영주시청,054-639-6944,2025-07-10,36.952,128.720,19,57,6.92,10.1,14.31,25.22,27.7,15.75,"50, 60",7000
읍면,부석면,감곡리,88.56,단독,1등급,경상북도 영주시청,054-639-6944,2025-07-10,36.952,128.720,3,35,6.92,10.1,14.31,25.22,27.7,15.75,"50, 60",11300
읍면,부석면,감곡리,,그 외,2등급,경상북도 영주시청,054-639-6944,2025-07-10,36.952,128.720,24,5,6.92,10.1,14.31,25.22,27.7,15.75,"50, 60",13300
읍면,부석면,남대리,,그 외,2등급,경상북도 영주시청,054-639-6944,2025-07-10,36.946,128.735,11,30,6.92,10.1,14.31,25.22,27.7,15.75,"50, 60",16400
읍면,부석면,남대리,,그 외,2등급,경상북도 영주시청,054-639-6944,2025-07-10,36.946,128.735,20,12,6.92,10.1,14.31,25.22,27.7,15.75,"50, 60",19900
읍면,부석면,남대리,,그 외,3등급,경상북도 영주시청,054-639-6944,2025-07-10,36.946,128.735,21,2,6.92,10.1,14.31,25.22,27.7,15.75,"50, 60",14300
읍면,부석면,남대리,,그 외,1등급,경상북도 영주시청,054-639-6944,2025-07-10,36.946,128.735,16,3,6.92,10.1,14.31,25.22,27.7,15.75,"50, 60",8900
읍면,부석면,노곡리,,그 외,2등급,경상북도 영주시청,054-639-6944,2025-07-10,36.940,128.720,1,59,6.92,10.1,14.31,25.22,27.7,15.75,"50, 60",15800
읍면,부석면,노곡리,59.97,단독,1등급,경상북도 영주시청,054-639-6944,2025-07-10,36.940,128.720,29,15,6.92,10.1,14.31,25.22,27.7,15.75,"50, 60",7400
읍면,부석면,노곡리,142.4,단독,2등급,경상북도 영주시청,054-639-6944,2025-07-10,36.940,128.720,1,27,6.92,10.1,14.31,25.22,27.7,15.75,"50, 60",15000
읍면,부석면,노곡리,,그 외,3등급,경상북도 영주시청,054-639-6944,2025-07-10,36.940,128.720,23,19,6.92,10.1,14.31,25.22,27.7,15.75,"50, 60",16600
읍면,부석면,보계리,106.02,단독,2등급,경상북도 영주시청,054-639-6944,2025-07-10,36.935,128.705,9,43,6.92,10.1,14.31,25.22,27.7,15.75,"50, 60",18200
읍면,부석면,보계리,180.49,단독,2등급,경상북도 영주시청,054-639-6944,2025-07-10,36.935,128.705,28,23,6.92,10.1,14.31,25.22,27.7,15.75,"50, 60",13300
읍면,부석면,보계리,180.49,단독,3등급,경상북도 영주시청,054-639-6944,2025-07-10,36.935,128.705,3,23,6.92,10.1,14.31,25.22,27.7,15.75,"50, 60",13900
읍면,부석면,보계리,,그 외,3등급,경상북도 영주시청,054-639-6944,2025-07-10,36.935,128.705,14,26,6.92,10.1,14.31,25.22,27.7,15.75,"50, 60",14100
읍면,부석면,보계리,29.75,단독,2등급,경상북도 영주시청,054-639-6944,2025-07-10,36.935,128.705,7,11,6.92,10.1,14.31,25.22,27.7,15.75,"50, 60",13800
읍면,부석면,보계리,241.75,단독,4등급,경상북도 영주시청,054-639-6944,2025-07-10,36.935,128.705,14,36,6.92,10.1,14.31,25.22,27.7,15.75,"50, 60",19900
읍면,부석면,보계리,46.28,단독,2등급,경상북도 영주시청,054-639-6944,2025-07-10,36.935,128.705,9,31,6.92,10.1,14.31,25.22,27.7,15.75,"50, 60",19200
읍면,부석면,북지리,,그 외,3등급,경상북도 영주시청,054-639-6944,2025-07-10,36.930,128.725,12,5,6.92,10.1,14.31,25.22,27.7,15.75,"50, 60",12300
읍면,부석면,북지리,170.24,그 외,2등급,경상북도 영주시청,054-639-6944,2025-07-10,36.930,128.725,10,70,6.92,10.1,14.31,25.22,27.7,15.75,"50, 60",19200
읍면,부석면,북지리,55.53,단독,2등급,경상북도 영주시청,054-639-6944,2025-07-10,36.930,128.725,2,95,6.92,10.1,14.31,25.22,27.7,15.75,"50, 60",18900
읍면,부석면,북지리,,그 외,1등급,경상북도 영주시청,054-639-6944,2025-07-10,36.930,128.725,29,37,6.92,10.1,14.31,25.22,27.7,15.75,"50, 60",17000
읍면,부석면,북지리,40,단독,1등급,경상북도 영주시청,054-639-6944,2025-07-10,36.930,128.725,3,15,6.92,10.1,14.31,25.22,27.7,15.75,"50, 60",14100
읍면,부석면,북지리,,단독,3등급,경상북도 영주시청,054-639-6944,2025-07-10,36.930,128.725,21,49,6.92,10.1,14.31,25.22,27.7,15.75,"50, 60",9900
읍면,부석면,북지리,412.61,단독,1등급,경상북도 영주시청,054-639-6944,2025-07-10,36.930,128.725,15,12,6.92,10.1,14.31,25.22,27.7,15.75,"50, 60",13200
읍면,부석면,북지리,58.18,단독,3등급,경상북도 영주시청,054-639-6944,2025-07-10,36.930,128.725,3,13,6.92,10.1,14.31,25.22,27.7,15.75,"50, 60",13100
읍면,부석면,북지리,115.03,단독,2등급,경상북도 영주시청,054-639-6944,2025-07-10,36.930,128.725,20,34,6.92,10.1,14.31,25.22,27.7,15.75,"50, 60",10300
읍면,부석면,상석리,50.4,단독,2등급,경상북도 영주시청,054-639-6944,2025-07-10,36.925,128.740,16,9,6.92,10.1,14.31,25.22,27.7,15.75,"50, 60",9400
읍면,부석면,상석리,86.94,단독,1등급,경상북도 영주시청,054-639-6944,2025-07-10,36.925,128.740,16,9,6.92,10.1,14.31,25.22,27.7,15.75,"50, 60",19300
읍면,부석면,소천리,80.82,단독,1등급,경상북도 영주시청,054-639-6944,2025-07-10,36.920,128.730,21,10,6.92,10.1,14.31,25.22,27.7,15.75,"50, 60",8800
읍면,부석면,소천리,85.6,단독,2등급,경상북도 영주시청,054-639-6944,2025-07-10,36.920,128.730,22,50,6.92,10.1,14.31,25.22,27.7,15.75,"50, 60",15000
읍면,부석면,소천리,,그 외,2등급,경상북도 영주시청,054-639-6944,2025-07-10,36.920,128.730,25,8,6.92,10.1,14.31,25.22,27.7,15.75,"50, 60",16500
읍면,부석면,소천리,19.2,단독,1등급,경상북도 영주시청,054-639-6944,2025-07-10,36.920,128.730,10,66,6.92,10.1,14.31,25.22,27.7,15.75,"50, 60",19500
읍면,부석면,소천리,35.04,단독,2등급,경상북도 영주시청,054-639-6944,2025-07-10,36.920,128.730,17,23,6.92,10.1,14.31,25.22,27.7,15.75,"50, 60",14300
읍면,부석면,소천리,,그 외,2등급,경상북도 영주시청,054-639-6944,2025-07-10,36.920,128.730,28,23,6.92,10.1,14.31,25.22,27.7,15.75,"50, 60",15300
읍면,부석면,소천리,20.49,단독,3등급,경상북도 영주시청,054-639-6944,2025-07-10,36.920,128.730,16,17,6.92,10.1,14.31,25.22,27.7,15.75,"50, 60",15100
읍면,부석면,소천리,64.79,단독,2등급,경상북도 영주시청,054-639-6944,2025-07-10,36.920,128.730,21,41,6.92,10.1,14.31,25.22,27.7,15.75,"50, 60",7400
읍면,부석면,소천리,16.85,단독,3등급,경상북도 영주시청,054-639-6944,2025-07-10,36.920,128.730,3,26,6.92,10.1,14.31,25.22,27.7,15.75,"50, 60",12600
읍면,부석면,소천리,44.95,단독,2등급,경상북도 영주시청,054-639-6944,2025-07-10,36.920,128.730,26,66,6.92,10.1,14.31,25.22,27.7,15.75,"50, 60",13100
읍면,부석면,소천리,99.73,단독,1등급,경상북도 영주시청,054-639-6944,2025-07-10,36.920,128.730,4,29,6.92,10.1,14.31,25.22,27.7,15.75,"50, 60",10300
읍면,부석면,소천리,,그 외,3등급,경상북도 영주시청,054-639-6944,2025-07-10,36.920,128.730,25,49,6.92,10.1,14.31,25.22,27.7,15.75,"50, 60",18800
읍면,부석면,소천리,,그 외,2등급,경상북도 영주시청,054-639-6944,2025-07-10,36.920,128.730,3,49,6.92,10.1,14.31,25.22,27.7,15.75,"50, 60",9400
읍면,부석면,소천리,176.68,단독,2등급,경상북도 영주시청,054-639-6944,2025-07-10,36.920,128.730,13,31,6.92,10.1,14.31,25.22,27.7,15.75,"50, 60",12700
읍면,부석면,용암리,,그 외,4등급,경상북도 영주시청,054-639-6944,2025-07-10,36.915,128.715,20,29,6.92,10.1,14.31,25.22,27.7,15.75,"50, 60",13200
읍면,부석면,용암리,,그 외,2등급,경상북도 영주시청,054-639-6944,2025-07-10,36.915,128.715,24,24,6.92,10.1,14.31,25.22,27.7,15.75,"50, 60",11400
읍면,부석면,용암리,,그 외,1등급,경상북도 영주시청,054-639-6944,2025-07-10,36.915,128.715,5,27,6.92,10.1,14.31,25.22,27.7,15.75,"50, 60",18800
읍면,부석면,용암리,89.85,그 외,2등급,경상북도 영주시청,054-639-6944,2025-07-10,36.915,128.715,23,19,6.92,10.1,14.31,25.22,27.7,15.75,"50, 60",19500
읍면,부석면,용암리,,그 외,1등급,경상북도 영주시청,054-639-6944,2025-07-10,36.915,128.715,10,32,6.92,10.1,14.31,25.22,27.7,15.75,"50, 60",11700
읍면,부석면,우곡리,78.96,단독,1등급,경상북도 영주시청,054-639-6944,2025-07-10,36.910,128.700,13,28,6.92,10.1,14.31,25.22,27.7,15.75,"50, 60",7200
읍면,부석면,우곡리,63.47,단독,4등급,경상북도 영주시청,054-639-6944,2025-07-10,36.910,128.700,29,95,6.92,10.1,14.31,25.22,27.7,15.75,"50, 60",7900
읍면,부석면,임곡리,,그 외,3등급,경상북도 영주시청,054-639-6944,2025-07-10,36.905,128.715,7,28,6.92,10.1,14.31,25.22,27.7,15.75,"50, 60",17500
읍면,부석면,임곡리,,그 외,2등급,경상북도 영주시청,054-639-6944,2025-07-10,36.905,128.715,10,34,6.92,10.1,14.31,25.22,27.7,15.75,"50, 60",14200
읍면,부석면,임곡리,44.62,단독,2등급,경상북도 영주시청,054-639-6944,2025-07-10,36.905,128.715,13,63,6.92,10.1,14.31,25.22,27.7,15.75,"50, 60",18500
읍면,부석면,임곡리,,그 외,2등급,경상북도 영주시청,054-639-6944,2025-07-10,36.905,128.715,2,59,6.92,10.1,14.31,25.22,27.7,15.75,"50, 60",7700
읍면,부석면,임곡리,23.47,단독,4등급,경상북도 영주시청,054-639-6944,2025-07-10,36.905,128.715,24,39,6.92,10.1,14.31,25.22,27.7,15.75,"50, 60",11500
읍면,부석면,임곡리,,그 외,2등급,경상북도 영주시청,054-639-6944,2025-07-10,36.905,128.715,12,16,6.92,10.1,14.31,25.22,27.7,15.75,"50, 60",9700
읍면,부석면,임곡리,185.11,단독,3등급,경상북도 영주시청,054-639-6944,2025-07-10,36.905,128.715,11,10,6.92,10.1,14.31,25.22,27.7,15.75,"50, 60",12200
읍면,부석면,임곡리,91.55,단독,4등급,경상북도 영주시청,054-639-6944,2025-07-10,36.905,128.715,18,23,6.92,10.1,14.31,25.22,27.7,15.75,"50, 60",15200
동,상망동,,,그 외,2등급,경상북도 영주시청,054-639-6944,2025-07-10,36.822,128.630,7,47,16.44,12.71,14.6,21.44,17.87,16.95,"50, 60",16600
동,상망동,,,단독,2등급,경상북도 영주시청,054-639-6944,2025-07-10,36.822,128.630,3,90,16.44,12.71,14.6,21.44,17.87,16.95,"50, 60",7000
동,상망동,,,단독,2등급,경상북도 영주시청,054-639-6944,2025-07-10,36.822,128.630,4,85,16.44,12.71,14.6,21.44,17.87,16.95,"50, 60",9000
동,상망동,,251.19,단독,1등급,경상북도 영주시청,054-639-6944,2025-07-10,36.822,128.630,28,85,16.44,12.71,14.6,21.44,17.87,16.95,"50, 60",16800
동,상망동,,,그 외,2등급,경상북도 영주시청,054-639-6944,2025-07-10,36.822,128.630,23,75,16.44,12.71,14.6,21.44,17.87,16.95,"50, 60",14800
동,상망동,,,그 외,1등급,경상북도 영주시청,054-639-6944,2025-07-10,36.822,128.630,25,74,16.44,12.71,14.6,21.44,17.87,16.95,"50, 60",13400
동,상망동,,,그 외,4등급,경상북도 영주시청,054-639-6944,2025-07-10,36.822,128.630,24,48,16.44,12.71,14.6,21.44,17.87,16.95,"50, 60",9300
동,상망동,,,그 외,4등급,경상북도 영주시청,054-639-6944,2025-07-10,36.822,128.630,6,100,16.44,12.71,14.6,21.44,17.87,16.95,"50, 60",17900
동,상망동,,,그 외,3등급,경상북도 영주시청,054-639-6944,2025-07-10,36.822,128.630,30,58,16.44,12.71,14.6,21.44,17.87,16.95,"50, 60",19700
동,상망동,,,단독,3등급,경상북도 영주시청,054-639-6944,2025-07-10,36.822,128.630,17,84,16.44,12.71,14.6,21.44,17.87,16.95,"50, 60",9600
동,상망동,,,그 외,2등급,경상북도 영주시청,054-639-6944,2025-07-10,36.822,128.630,23,97,16.44,12.71,14.6,21.44,17.87,16.95,"50, 60",14300
동,상망동,,,그 외,2등급,경상북도 영주시청,054-639-6944,2025-07-10,36.822,128.630,7,92,16.44,12.71,14.6,21.44,17.87,16.95,"50, 60",20000
동,상망동,,,그 외,3등급,경상북도 영주시청,054-639-6944,2025-07-10,36.822,128.630,8,68,16.44,12.71,14.6,21.44,17.87,16.95,"50, 60",17700
동,상망동,,265.09,단독,3등급,경상북도 영주시청,054-639-6944,2025-07-10,36.822,128.630,12,73,16.44,12.71,14.6,21.44,17.87,16.95,"50, 60",8400
동,상망동,,,그 외,3등급,경상북도 영주시청,054-639-6944,2025-07-10,36.822,128.630,21,67,16.44,12.71,14.6,21.44,17.87,16.95,"50, 60",18900
동,상망동,,,그 외,2등급,경상북도 영주시청,054-639-6944,2025-07-10,36.822,128.630,8,53,16.44,12.71,14.6,21.44,17.87,16.95,"50, 60",14500
동,상망동,,,그 외,2등급,경상북도 영주시청,054-639-6944,2025-07-10,36.822,128.630,8,50,16.44,12.71,14.6,21.44,17.87,16.95,"50, 60",17700
동,상망동,,,그 외,3등급,경상북도 영주시청,054-639-6944,2025-07-10,36.822,128.630,28,61,16.44,12.71,14.6,21.44,17.87,16.95,"50, 60",19500
동,상망동,,36.36,단독,2등급,경상북도 영주시청,054-639-6944,2025-07-10,36.822,128.630,23,99,16.44,12.71,14.6,21.44,17.87,16.95,"50, 60",11400
동,상망동,,67.23,단독,1등급,경상북도 영주시청,054-639-6944,2025-07-10,36.822,128.630,9,70,16.44,12.71,14.6,21.44,17.87,16.95,"50, 60",19600
동,상망동,,67.23,단독,1등급,경상북도 영주시청,054-639-6944,2025-07-10,36.822,128.630,29,100,16.44,12.71,14.6,21.44,17.87,16.95,"50, 60",17900
동,상망동,,,단독,4등급,경상북도 영주시청,054-639-6944,2025-07-10,36.822,128.630,19,85,16.44,12.71,14.6,21.44,17.87,16.95,"50, 60",15300
동,상망동,,287.55,단독,4등급,경상북도 영주시청,054-639-6944,2025-07-10,36.822,128.630,22,84,16.44,12.71,14.6,21.44,17.87,16.95,"50, 60",17900
동,상망동,,,그 외,3등급,경상북도 영주시청,054-639-6944,2025-07-10,36.822,128.630,7,70,16.44,12.71,14.6,21.44,17.87,16.95,"50, 60",8200
동,상망동,,,그 외,4등급,경상북도 영주시청,054-639-6944,2025-07-10,36.822,128.630,3,44,16.44,12.71,14.6,21.44,17.87,16.95,"50, 60",16100
동,상망동,,,그 외,2등급,경상북도 영주시청,054-639-6944,2025-07-10,36.822,128.630,12,62,16.44,12.71,14.6,21.44,17.87,16.95,"50, 60",8700
동,상망동,,,단독,3등급,경상북도 영주시청,054-639-6944,2025-07-10,36.822,128.630,8,78,16.44,12.71,14.6,21.44,17.87,16.95,"50, 60",7800
동,상망동,,45.9,단독,2등급,경상북도 영주시청,054-639-6944,2025-07-10,36.822,128.630,14,70,16.44,12.71,14.6,21.44,17.87,16.95,"50, 60",9800
동,상망동,,,그 외,2등급,경상북도 영주시청,054-639-6944,2025-07-10,36.822,128.630,30,93,16.44,12.71,14.6,21.44,17.87,16.95,"50, 60",17900
동,상망동,,146.74,그 외,2등급,경상북도 영주시청,054-639-6944,2025-07-10,36.822,128.630,30,46,16.44,12.71,14.6,21.44,17.87,16.95,"50, 60",7700
동,상망동,,,그 외,2등급,경상북도 영주시청,054-639-6944,2025-07-10,36.822,128.630,3,85,16.44,12.71,14.6,21.44,17.87,16.95,"50, 60",18100
동,상망동,,,그 외,2등급,경상북도 영주시청,054-639-6944,2025-07-10,36.822,128.630,27,73,16.44,12.71,14.6,21.44,17.87,16.95,"50, 60",15700
동,상망동,,,그 외,1등급,경상북도 영주시청,054-639-6944,2025-07-10,36.822,128.630,14,67,16.44,12.71,14.6,21.44,17.87,16.95,"50, 60",15500
동,상망동,,26.44,그 외,4등급,경상북도 영주시청,054-639-6944,2025-07-10,36.822,128.630,11,43,16.44,12.71,14.6,21.44,17.87,16.95,"50, 60",12100
동,상망동,,,단독,4등급,경상북도 영주시청,054-639-6944,2025-07-10,36.822,128.630,1,84,16.44,12.71,14.6,21.44,17.87,16.95,"50, 60",17000
동,상망동,,,단독,2등급,경상북도 영주시청,054-639-6944,2025-07-10,36.822,128.630,26,91,16.44,12.71,14.6,21.44,17.87,16.95,"50, 60",7200
동,상망동,,,단독,2등급,경상북도 영주시청,054-639-6944,2025-07-10,36.822,128.630,10,36,16.44,12.71,14.6,21.44,17.87,16.95,"50, 60",11100
동,상망동,,,단독,2등급,경상북도 영주시청,054-639-6944,2025-07-10,36.822,128.630,4,84,16.44,12.71,14.6,21.44,17.87,16.95,"50, 60",12200
동,상망동,,53.92,그 외,2등급,경상북도 영주시청,054-639-6944,2025-07-10,36.822,128.630,18,88,16.44,12.71,14.6,21.44,17.87,16.95,"50, 60",15600
동,상망동,,53.92,그 외,3등급,경상북도 영주시청,054-639-6944,2025-07-10,36.822,128.630,15,93,16.44,12.71,14.6,21.44,17.87,16.95,"50, 60",13900
동,상망동,,53.92,그 외,2등급,경상북도 영주시청,054-639-6944,2025-07-10,36.822,128.630,16,89,16.44,12.71,14.6,21.44,17.87,16.95,"50, 60",9300
동,상망동,,318.29,단독,2등급,경상북도 영주시청,054-639-6944,2025-07-10,36.822,128.630,30,70,16.44,12.71,14.6,21.44,17.87,16.95,"50, 60",15900
동,상망동,,76.94,그 외,1등급,경상북도 영주시청,054-639-6944,2025-07-10,36.822,128.630,30,95,16.44,12.71,14.6,21.44,17.87,16.95,"50, 60",9100
동,상망동,,318.29,단독,1등급,경상북도 영주시청,054-639-6944,2025-07-10,36.822,128.630,1,70,16.44,12.71,14.6,21.44,17.87,16.95,"50, 60",11400
동,상망동,,61.58,단독,3등급,경상북도 영주시청,054-639-6944,2025-07-10,36.822,128.630,17,82,16.44,12.71,14.6,21.44,17.87,16.95,"50, 60",18700
동,상망동,,,그 외,2등급,경상북도 영주시청,054-639-6944,2025-07-10,36.822,128.630,14,90,16.44,12.71,14.6,21.44,17.87,16.95,"50, 60",9300
동,상망동,,45.45,단독,2등급,경상북도 영주시청,054-639-6944,2025-07-10,36.822,128.630,24,91,16.44,12.71,14.6,21.44,17.87,16.95,"50, 60",14000
동,상망동,,82.56,단독,1등급,경상북도 영주시청,054-639-6944,2025-07-10,36.822,128.630,26,84,16.44,12.71,14.6,21.44,17.87,16.95,"50, 60",16600
동,상망동,,,그 외,2등급,경상북도 영주시청,054-639-6944,2025-07-10,36.822,128.630,26,100,16.44,12.71,14.6,21.44,17.87,16.95,"50, 60",18700
동,상망동,,,그 외,2등급,경상북도 영주시청,054-639-6944,2025-07-10,36.822,128.630,3,98,16.44,12.71,14.6,21.44,17.87,16.95,"50, 60",16000
동,상망동,,,그 외,1등급,경상북도 영주시청,054-639-6944,2025-07-10,36.822,128.630,22,71,16.44,12.71,14.6,21.44,17.87,16.95,"50, 60",16400
동,상망동,,,그 외,3등급,경상북도 영주시청,054-639-6944,2025-07-10,36.822,128.630,3,90,16.44,12.71,14.6,21.44,17.87,16.95,"50, 60",19400
동,상망동,,,그 외,4등급,경상북도 영주시청,054-639-6944,2025-07-10,36.822,128.630,7,87,16.44,12.71,14.6,21.44,17.87,16.95,"50, 60",15500
동,상망동,,,그 외,2등급,경상북도 영주시청,054-639-6944,2025-07-10,36.822,128.630,27,77,16.44,12.71,14.6,21.44,17.87,16.95,"50, 60",17400
동,상망동,,91.11,단독,2등급,경상북도 영주시청,054-639-6944,2025-07-10,36.822,128.630,22,63,16.44,12.71,14.6,21.44,17.87,16.95,"50, 60",15300
동,상망동,,,그 외,2등급,경상북도 영주시청,054-639-6944,2025-07-10,36.822,128.630,30,25,16.44,12.71,14.6,21.44,17.87,16.95,"50, 60",13400
동,상망동,,,그 외,2등급,경상북도 영주시청,054-639-6944,2025-07-10,36.822,128.630,15,93,16.44,12.71,14.6,21.44,17.87,16.95,"50, 60",8200
동,상망동,,101.44,그 외,1등급,경상북도 영주시청,054-639-6944,2025-07-10,36.822,128.630,30,83,16.44,12.71,14.6,21.44,17.87,16.95,"50, 60",11300
동,상망동,,,그 외,2등급,경상북도 영주시청,054-639-6944,2025-07-10,36.822,128.630,19,83,16.44,12.71,14.6,21.44,17.87,16.95,"50, 60",13000
동,상망동,,169.66,단독,3등급,경상북도 영주시청,054-639-6944,2025-07-10,36.822,128.630,18,72,16.44,12.71,14.6,21.44,17.87,16.95,"50, 60",13800
동,상망동,,,그 외,2등급,경상북도 영주시청,054-639-6944,2025-07-10,36.822,128.630,9,95,16.44,12.71,14.6,21.44,17.87,16.95,"50, 60",8300
동,상망동,,,그 외,1등급,경상북도 영주시청,054-639-6944,2025-07-10,36.822,128.630,17,23,16.44,12.71,14.6,21.44,17.87,16.95,"50, 60",12100
동,상망동,,66,단독,2등급,경상북도 영주시청,054-639-6944,2025-07-10,36.822,128.630,23,93,16.44,12.71,14.6,21.44,17.87,16.95,"50, 60",18100
동,상망동,,76.03,단독,2등급,경상북도 영주시청,054-639-6944,2025-07-10,36.822,128.630,1,89,16.44,12.71,14.6,21.44,17.87,16.95,"50, 60",7900
동,상망동,,36,단독,2등급,경상북도 영주시청,054-639-6944,2025-07-10,36.822,128.630,16,98,16.44,12.71,14.6,21.44,17.87,16.95,"50, 60",9300
동,상망동,,,그 외,4등급,경상북도 영주시청,054-639-6944,2025-07-10,36.822,128.630,20,45,16.44,12.71,14.6,21.44,17.87,16.95,"50, 60",7200
동,상망동,,,그 외,3등급,경상북도 영주시청,054-639-6944,2025-07-10,36.822,128.630,18,61,16.44,12.71,14.6,21.44,17.87,16.95,"50, 60",16200
동,하망동,,,그 외,2등급,경상북도 영주시청,054-639-6944,2025-07-10,36.815,128.625,23,74,15.36,13.75,15.8,20.24,16.42,18.43,"50, 60",18400
동,하망동,,,그 외,1등급,경상북도 영주시청,054-639-6944,2025-07-10,36.815,128.625,18,76,15.36,13.75,15.8,20.24,16.42,18.43,"50, 60",19600
동,하망동,,47.83,단독,2등급,경상북도 영주시청,054-639-6944,2025-07-10,36.815,128.625,23,81,15.36,13.75,15.8,20.24,16.42,18.43,"50, 60",15400
동,하망동,,287.83,단독,2등급,경상북도 영주시청,054-639-6944,2025-07-10,36.815,128.625,2,96,15.36,13.75,15.8,20.24,16.42,18.43,"50, 60",14100
동,하망동,,,그 외,3등급,경상북도 영주시청,054-639-6944,2025-07-10,36.815,128.625,30,51,15.36,13.75,15.8,20.24,16.42,18.43,"50, 60",12800
동,하망동,,37.89,단독,4등급,경상북도 영주시청,054-639-6944,2025-07-10,36.815,128.625,10,98,15.36,13.75,15.8,20.24,16.42,18.43,"50, 60",12600
동,하망동,,29,단독,2등급,경상북도 영주시청,054-639-6944,2025-07-10,36.815,128.625,26,96,15.36,13.75,15.8,20.24,16.42,18.43,"50, 60",11600
동,하망동,,54,단독,2등급,경상북도 영주시청,054-639-6944,2025-07-10,36.815,128.625,21,71,15.36,13.75,15.8,20.24,16.42,18.43,"50, 60",9200
동,하망동,,42.31,그 외,4등급,경상북도 영주시청,054-639-6944,2025-07-10,36.815,128.625,23,88,15.36,13.75,15.8,20.24,16.42,18.43,"50, 60",15200
동,하망동,,,단독,2등급,경상북도 영주시청,054-639-6944,2025-07-10,36.815,128.625,28,87,15.36,13.75,15.8,20.24,16.42,18.43,"50, 60",11400
동,하망동,,49,단독,2등급,경상북도 영주시청,054-639-6944,2025-07-10,36.815,128.625,21,82,15.36,13.75,15.8,20.24,16.42,18.43,"50, 60",14900
동,하망동,,44.16,단독,2등급,경상북도 영주시청,054-639-6944,2025-07-10,36.815,128.625,30,73,15.36,13.75,15.8,20.24,16.42,18.43,"50, 60",16700
동,하망동,,57.39,단독,1등급,경상북도 영주시청,054-639-6944,2025-07-10,36.815,128.625,3,80,15.36,13.75,15.8,20.24,16.42,18.43,"50, 60",9000
동,하망동,,,그 외,3등급,경상북도 영주시청,054-639-6944,2025-07-10,36.815,128.625,10,82,15.36,13.75,15.8,20.24,16.42,18.43,"50, 60",16300
동,하망동,,,그 외,3등급,경상북도 영주시청,054-639-6944,2025-07-10,36.815,128.625,30,50,15.36,13.75,15.8,20.24,16.42,18.43,"50, 60",11100
동,하망동,,,그 외,2등급,경상북도 영주시청,054-639-6944,2025-07-10,36.815,128.625,2,92,15.36,13.75,15.8,20.24,16.42,18.43,"50, 60",9700
동,하망동,,,단독,3등급,경상북도 영주시청,054-639-6944,2025-07-10,36.815,128.625,19,77,15.36,13.75,15.8,20.24,16.42,18.43,"50, 60",19900
동,하망동,,,그 외,3등급,경상북도 영주시청,054-639-6944,2025-07-10,36.815,128.625,1,47,15.36,13.75,15.8,20.24,16.42,18.43,"50, 60",18700
동,하망동,,29.45,그 외,4등급,경상북도 영주시청,054-639-6944,2025-07-10,36.815,128.625,12,85,15.36,13.75,15.8,20.24,16.42,18.43,"50, 60",15000
동,하망동,,51,단독,4등급,경상북도 영주시청,054-639-6944,2025-07-10,36.815,128.625,15,97,15.36,13.75,15.8,20.24,16.42,18.43,"50, 60",14200
동,하망동,,33,단독,1등급,경상북도 영주시청,054-639-6944,2025-07-10,36.815,128.625,15,73,15.36,13.75,15.8,20.24,16.42,18.43,"50, 60",8500
동,하망동,,50.43,단독,1등급,경상북도 영주시청,054-639-6944,2025-07-10,36.815,128.625,6,80,15.36,13.75,15.8,20.24,16.42,18.43,"50, 60",19700
동,하망동,,35.46,단독,1등급,경상북도 영주시청,054-639-6944,2025-07-10,36.815,128.625,24,89,15.36,13.75,15.8,20.24,16.42,18.43,"50, 60",10400
동,하망동,,32.39,단독,2등급,경상북도 영주시청,054-639-6944,2025-07-10,36.815,128.625,27,50,15.36,13.75,15.8,20.24,16.42,18.43,"50, 60",19800
동,하망동,,,그 외,3등급,경상북도 영주시청,054-639-6944,2025-07-10,36.815,128.625,20,86,15.36,13.75,15.8,20.24,16.42,18.43,"50, 60",10700
동,하망동,,,그 외,2등급,경상북도 영주시청,054-639-6944,2025-07-10,36.815,128.625,11,90,15.36,13.75,15.8,20.24,16.42,18.43,"50, 60",10200
동,하망동,,,그 외,2등급,경상북도 영주시청,054-639-6944,2025-07-10,36.815,128.625,29,79,15.36,13.75,15.8,20.24,16.42,18.43,"50, 60",16700
동,하망동,,48.16,단독,1등급,경상북도 영주시청,054-639-6944,2025-07-10,36.815,128.625,11,60,15.36,13.75,15.8,20.24,16.42,18.43,"50, 60",19800
동,하망동,,55.33,단독,2등급,경상북도 영주시청,054-639-6944,2025-07-10,36.815,128.625,19,97,15.36,13.75,15.8,20.24,16.42,18.43,"50, 60",11500
동,하망동,,,그 외,2등급,경상북도 영주시청,054-639-6944,2025-07-10,36.815,128.625,3,49,15.36,13.75,15.8,20.24,16.42,18.43,"50, 60",16600
동,하망동,,,그 외,3등급,경상북도 영주시청,054-639-6944,2025-07-10,36.815,128.625,26,69,15.36,13.75,15.8,20.24,16.42,18.43,"50, 60",10200
동,하망동,,,그 외,3등급,경상북도 영주시청,054-639-6944,2025-07-10,36.815,128.625,10,53,15.36,13.75,15.8,20.24,16.42,18.43,"50, 60",18400
동,하망동,,,그 외,2등급,경상북도 영주시청,054-639-6944,2025-07-10,36.815,128.625,9,88,15.36,13.75,15.8,20.24,16.42,18.43,"50, 60",16000
동,하망동,,25.8,단독,2등급,경상북도 영주시청,054-639-6944,2025-07-10,36.815,128.625,19,99,15.36,13.75,15.8,20.24,16.42,18.43,"50, 60",15100
동,하망동,,,그 외,2등급,경상북도 영주시청,054-639-6944,2025-07-10,36.815,128.625,16,67,15.36,13.75,15.8,20.24,16.42,18.43,"50, 60",12500
동,하망동,,23.49,단독,2등급,경상북도 영주시청,054-639-6944,2025-07-10,36.815,128.625,4,99,15.36,13.75,15.8,20.24,16.42,18.43,"50, 60",10700
동,하망동,,,그 외,3등급,경상북도 영주시청,054-639-6944,2025-07-10,36.815,128.625,11,55,15.36,13.75,15.8,20.24,16.42,18.43,"50, 60",17600
동,하망동,,53.08,단독,1등급,경상북도 영주시청,054-639-6944,2025-07-10,36.815,128.625,20,92,15.36,13.75,15.8,20.24,16.42,18.43,"50, 60",18300
동,하망동,,,그 외,1등급,경상북도 영주시청,054-639-6944,2025-07-10,36.815,128.625,19,57,15.36,13.75,15.8,20.24,16.42,18.43,"50, 60",12700
동,하망동,,109.71,단독,1등급,경상북도 영주시청,054-639-6944,2025-07-10,36.815,128.625,27,52,15.36,13.75,15.8,20.24,16.42,18.43,"50, 60",14800
동,하망동,,,그 외,2등급,경상북도 영주시청,054-639-6944,2025-07-10,36.815,128.625,8,74,15.36,13.75,15.8,20.24,16.42,18.43,"50, 60",8800
동,하망동,,,그 외,2등급,경상북도 영주시청,054-639-6944,2025-07-10,36.815,128.625,13,98,15.36,13.75,15.8,20.24,16.42,18.43,"50, 60",12200
동,하망동,,62.15,단독,1등급,경상북도 영주시청,054-639-6944,2025-07-10,36.815,128.625,29,89,15.36,13.75,15.8,20.24,16.42,18.43,"50, 60",9400
동,하망동,,69.33,단독,1등급,경상북도 영주시청,054-639-6944,2025-07-10,36.815,128.625,9,99,15.36,13.75,15.8,20.24,16.42,18.43,"50, 60",16000
동,하망동,,79.87,단독,1등급,경상북도 영주시청,054-639-6944,2025-07-10,36.815,128.625,8,92,15.36,13.75,15.8,20.24,16.42,18.43,"50, 60",19200
동,하망동,,51.96,단독,2등급,경상북도 영주시청,054-639-6944,2025-07-10,36.815,128.625,15,80,15.36,13.75,15.8,20.24,16.42,18.43,"50, 60",11400
동,하망동,,113.34,단독,2등급,경상북도 영주시청,054-639-6944,2025-07-10,36.815,128.625,16,59,15.36,13.75,15.8,20.24,16.42,18.43,"50, 60",16000
동,하망동,,36,단독,2등급,경상북도 영주시청,054-639-6944,2025-07-10,36.815,128.625,7,87,15.36,13.75,15.8,20.24,16.42,18.43,"50, 60",14200
동,하망동,,,그 외,4등급,경상북도 영주시청,054-639-6944,2025-07-10,36.815,128.625,28,85,15.36,13.75,15.8,20.24,16.42,18.43,"50, 60",10200
동,하망동,,,단독,2등급,경상북도 영주시청,054-639-6944,2025-07-10,36.815,128.625,17,58,15.36,13.75,15.8,20.24,16.42,18.43,"50, 60",11000
동,하망동,,,그 외,2등급,경상북도 영주시청,054-639-6944,2025-07-10,36.815,128.625,1,77,15.36,13.75,15.8,20.24,16.42,18.43,"50, 60",15200
동,하망동,,,그 외,2등급,경상북도 영주시청,054-639-6944,2025-07-10,36.815,128.625,12,42,15.36,13.75,15.8,20.24,16.42,18.43,"50, 60",19500
동,하망동,,,그 외,2등급,경상북도 영주시청,054-639-6944,2025-07-10,36.815,128.625,6,45,15.36,13.75,15.8,20.24,16.42,18.43,"50, 60",12100
동,하망동,,,그 외,2등급,경상북도 영주시청,054-639-6944,2025-07-10,36.815,128.625,12,87,15.36,13.75,15.8,20.24,16.42,18.43,"50, 60",17500
동,하망동,,,그 외,3등급,경상북도 영주시청,054-639-6944,2025-07-10,36.815,128.625,13,76,15.36,13.75,15.8,20.24,16.42,18.43,"50, 60",14300
동,하망동,,,단독,3등급,경상북도 영주시청,054-639-6944,2025-07-10,36.815,128.625,20,92,15.36,13.75,15.8,20.24,16.42,18.43,"50, 60",13700
동,하망동,,,그 외,2등급,경상북도 영주시청,054-639-6944,2025-07-10,36.815,128.625,20,71,15.36,13.75,15.8,20.24,16.42,18.43,"50, 60",7600
동,하망동,,,단독,4등급,경상북도 영주시청,054-639-6944,2025-07-10,36.815,128.625,19,75,15.36,13.75,15.8,20.24,16.42,18.43,"50, 60",9300
동,하망동,,,그 외,2등급,경상북도 영주시청,054-639-6944,2025-07-10,36.815,128.625,20,88,15.36,13.75,15.8,20.24,16.42,18.43,"50, 60",8000
동,하망동,,,단독,3등급,경상북도 영주시청,054-639-6944,2025-07-10,36.815,128.625,17,48,15.36,13.75,15.8,20.24,16.42,18.43,"50, 60",9700
동,하망동,,,그 외,2등급,경상북도 영주시청,054-639-6944,2025-07-10,36.815,128.625,17,60,15.36,13.75,15.8,20.24,16.42,18.43,"50, 60",10000
동,하망동,,36.36,단독,1등급,경상북도 영주시청,054-639-6944,2025-07-10,36.815,128.625,19,84,15.36,13.75,15.8,20.24,16.42,18.43,"50, 60",8500
동,하망동,,,그 외,2등급,경상북도 영주시청,054-639-6944,2025-07-10,36.815,128.625,2,64,15.36,13.75,15.8,20.24,16.42,18.43,"50, 60",10000
동,하망동,,,단독,3등급,경상북도 영주시청,054-639-6944,2025-07-10,36.815,128.625,25,86,15.36,13.75,15.8,20.24,16.42,18.43,"50, 60",17400
동,하망동,,41.01,단독,4등급,경상북도 영주시청,054-639-6944,2025-07-10,36.815,128.625,9,50,15.36,13.75,15.8,20.24,16.42,18.43,"50, 60",13900
동,하망동,,43.85,단독,2등급,경상북도 영주시청,054-639-6944,2025-07-10,36.815,128.625,8,60,15.36,13.75,15.8,20.24,16.42,18.43,"50, 60",14800
동,하망동,,40.29,단독,1등급,경상북도 영주시청,054-639-6944,2025-07-10,36.815,128.625,10,93,15.36,13.75,15.8,20.24,16.42,18.43,"50, 60",14400
동,하망동,,48.45,단독,2등급,경상북도 영주시청,054-639-6944,2025-07-10,36.815,128.625,27,86,15.36,13.75,15.8,20.24,16.42,18.43,"50, 60",7500
동,하망동,,41.96,단독,2등급,경상북도 영주시청,054-639-6944,2025-07-10,36.815,128.625,3,88,15.36,13.75,15.8,20.24,16.42,18.43,"50, 60",14000
동,하망동,,,그 외,4등급,경상북도 영주시청,054-639-6944,2025-07-10,36.815,128.625,10,79,15.36,13.75,15.8,20.24,16.42,18.43,"50, 60",10200
동,하망동,,52.39,단독,4등급,경상북도 영주시청,054-639-6944,2025-07-10,36.815,128.625,29,28,15.36,13.75,15.8,20.24,16.42,18.43,"50, 60",10500
동,하망동,,33.67,단독,4등급,경상북도 영주시청,054-639-6944,2025-07-10,36.815,128.625,7,56,15.36,13.75,15.8,20.24,16.42,18.43,"50, 60",11200
동,하망동,,45.88,단독,2등급,경상북도 영주시청,054-639-6944,2025-07-10,36.815,128.625,2,91,15.36,13.75,15.8,20.24,16.42,18.43,"50, 60",13700
동,하망동,,,그 외,2등급,경상북도 영주시청,054-639-6944,2025-07-10,36.815,128.625,25,87,15.36,13.75,15.8,20.24,16.42,18.43,"50, 60",19000
동,하망동,,,그 외,1등급,경상북도 영주시청,054-639-6944,2025-07-10,36.815,128.625,6,48,15.36,13.75,15.8,20.24,16.42,18.43,"50, 60",7400
동,하망동,,,단독,3등급,경상북도 영주시청,054-639-6944,2025-07-10,36.815,128.625,1,57,15.36,13.75,15.8,20.24,16.42,18.43,"50, 60",16100
동,하망동,,,그 외,2등급,경상북도 영주시청,054-639-6944,2025-07-10,36.815,128.625,10,44,15.36,13.75,15.8,20.24,16.42,18.43,"50, 60",7700
동,하망동,,,그 외,2등급,경상북도 영주시청,054-639-6944,2025-07-10,36.815,128.625,4,88,15.36,13.75,15.8,20.24,16.42,18.43,"50, 60",8700
동,하망동,,48.6,단독,1등급,경상북도 영주시청,054-639-6944,2025-07-10,36.815,128.625,10,87,15.36,13.75,15.8,20.24,16.42,18.43,"50, 60",8400
동,하망동,,99.53,단독,1등급,경상북도 영주시청,054-639-6944,2025-07-10,36.815,128.625,20,81,15.36,13.75,15.8,20.24,16.42,18.43,"50, 60",10300
동,하망동,,51.25,단독,1등급,경상북도 영주시청,054-639-6944,2025-07-10,36.815,128.625,24,67,15.36,13.75,15.8,20.24,16.42,18.43,"50, 60",10800
동,하망동,,39.18,단독,1등급,경상북도 영주시청,054-639-6944,2025-07-10,36.815,128.625,20,59,15.36,13.75,15.8,20.24,16.42,18.43,"50, 60",12900
동,하망동,,40.04,단독,2등급,경상북도 영주시청,054-639-6944,2025-07-10,36.815,128.625,22,62,15.36,13.75,15.8,20.24,16.42,18.43,"50, 60",19100
동,하망동,,79.98,단독,1등급,경상북도 영주시청,054-639-6944,2025-07-10,36.815,128.625,4,93,15.36,13.75,15.8,20.24,16.42,18.43,"50, 60",19700
동,하망동,,39.81,단독,1등급,경상북도 영주시청,054-639-6944,2025-07-10,36.815,128.625,25,97,15.36,13.75,15.8,20.24,16.42,18.43,"50, 60",14900
동,영주동,,,그 외,2등급,경상북도 영주시청,054-639-6944,2025-07-10,36.805,128.624,5,80,13.45,11.81,14.02,20.88,21.14,18.69,"50, 60",11600
동,영주동,,,그 외,3등급,경상북도 영주시청,054-639-6944,2025-07-10,36.805,128.624,24,77,13.45,11.81,14.02,20.88,21.14,18.69,"50, 60",15000
동,영주동,,,그 외,4등급,경상북도 영주시청,054-639-6944,2025-07-10,36.805,128.624,21,98,13.45,11.81,14.02,20.88,21.14,18.69,"50, 60",10600
동,영주동,,,그 외,4등급,경상북도 영주시청,054-639-6944,2025-07-10,36.805,128.624,27,81,13.45,11.81,14.02,20.88,21.14,18.69,"50, 60",19600
동,영주동,,38.04,단독,3등급,경상북도 영주시청,054-639-6944,2025-07-10,36.805,128.624,4,81,13.45,11.81,14.02,20.88,21.14,18.69,"50, 60",16400
동,영주동,,,그 외,3등급,경상북도 영주시청,054-639-6944,2025-07-10,36.805,128.624,14,42,13.45,11.81,14.02,20.88,21.14,18.69,"50, 60",15500
동,영주동,,,그 외,4등급,경상북도 영주시청,054-639-6944,2025-07-10,36.805,128.624,22,85,13.45,11.81,14.02,20.88,21.14,18.69,"50, 60",7300
동,영주동,,19.24,단독,3등급,경상북도 영주시청,054-639-6944,2025-07-10,36.805,128.624,13,96,13.45,11.81,14.02,20.88,21.14,18.69,"50, 60",8700
동,영주동,,,그 외,4등급,경상북도 영주시청,054-639-6944,2025-07-10,36.805,128.624,26,55,13.45,11.81,14.02,20.88,21.14,18.69,"50, 60",17800
동,영주동,,,그 외,2등급,경상북도 영주시청,054-639-6944,2025-07-10,36.805,128.624,6,84,13.45,11.81,14.02,20.88,21.14,18.69,"50, 60",10300
동,영주동,,,그 외,2등급,경상북도 영주시청,054-639-6944,2025-07-10,36.805,128.624,21,94,13.45,11.81,14.02,20.88,21.14,18.69,"50, 60",13100
동,영주동,,,그 외,2등급,경상북도 영주시청,054-639-6944,2025-07-10,36.805,128.624,21,85,13.45,11.81,14.02,20.88,21.14,18.69,"50, 60",14500
동,영주동,,,그 외,2등급,경상북도 영주시청,054-639-6944,2025-07-10,36.805,128.624,27,65,13.45,11.81,14.02,20.88,21.14,18.69,"50, 60",8600
동,영주동,,44.86,단독,1등급,경상북도 영주시청,054-639-6944,2025-07-10,36.805,128.624,15,48,13.45,11.81,14.02,20.88,21.14,18.69,"50, 60",12400
동,영주동,,,그 외,2등급,경상북도 영주시청,054-639-6944,2025-07-10,36.805,128.624,28,71,13.45,11.81,14.02,20.88,21.14,18.69,"50, 60",11600
동,영주동,,40,단독,2등급,경상북도 영주시청,054-639-6944,2025-07-10,36.805,128.624,30,99,13.45,11.81,14.02,20.88,21.14,18.69,"50, 60",16500
동,영주동,,32.39,단독,2등급,경상북도 영주시청,054-639-6944,2025-07-10,36.805,128.624,8,99,13.45,11.81,14.02,20.88,21.14,18.69,"50, 60",18400
동,영주동,,,그 외,3등급,경상북도 영주시청,054-639-6944,2025-07-10,36.805,128.624,9,96,13.45,11.81,14.02,20.88,21.14,18.69,"50, 60",16000
동,영주동,,,그 외,4등급,경상북도 영주시청,054-639-6944,2025-07-10,36.805,128.624,4,53,13.45,11.81,14.02,20.88,21.14,18.69,"50, 60",13500
동,영주동,,,그 외,2등급,경상북도 영주시청,054-639-6944,2025-07-10,36.805,128.624,6,82,13.45,11.81,14.02,20.88,21.14,18.69,"50, 60",11500
동,영주동,,,그 외,4등급,경상북도 영주시청,054-639-6944,2025-07-10,36.805,128.624,15,53,13.45,11.81,14.02,20.88,21.14,18.69,"50, 60",13800
동,영주동,,,그 외,4등급,경상북도 영주시청,054-639-6944,2025-07-10,36.805,128.624,21,96,13.45,11.81,14.02,20.88,21.14,18.69,"50, 60",13800
동,영주동,,,그 외,2등급,경상북도 영주시청,054-639-6944,2025-07-10,36.805,128.624,21,92,13.45,11.81,14.02,20.88,21.14,18.69,"50, 60",13300
동,영주동,,,그 외,4등급,경상북도 영주시청,054-639-6944,2025-07-10,36.805,128.624,27,71,13.45,11.81,14.02,20.88,21.14,18.69,"50, 60",7100
동,영주동,,,그 외,1등급,경상북도 영주시청,054-639-6944,2025-07-10,36.805,128.624,15,78,13.45,11.81,14.02,20.88,21.14,18.69,"50, 60",9300
동,영주동,,,그 외,2등급,경상북도 영주시청,054-639-6944,2025-07-10,36.805,128.624,18,91,13.45,11.81,14.02,20.88,21.14,18.69,"50, 60",16700
동,영주동,,,그 외,2등급,경상북도 영주시청,054-639-6944,2025-07-10,36.805,128.624,1,70,13.45,11.81,14.02,20.88,21.14,18.69,"50, 60",14600
동,영주동,,,그 외,2등급,경상북도 영주시청,054-639-6944,2025-07-10,36.805,128.624,3,77,13.45,11.81,14.02,20.88,21.14,18.69,"50, 60",15300
동,영주동,,,그 외,2등급,경상북도 영주시청,054-639-6944,2025-07-10,36.805,128.624,28,100,13.45,11.81,14.02,20.88,21.14,18.69,"50, 60",12800
동,영주동,,31.67,단독,3등급,경상북도 영주시청,054-639-6944,2025-07-10,36.805,128.624,2,89,13.45,11.81,14.02,20.88,21.14,18.69,"50, 60",8500
동,영주동,,33.87,단독,4등급,경상북도 영주시청,054-639-6944,2025-07-10,36.805,128.624,27,88,13.45,11.81,14.02,20.88,21.14,18.69,"50, 60",10400
동,영주동,,,그 외,4등급,경상북도 영주시청,054-639-6944,2025-07-10,36.805,128.624,26,99,13.45,11.81,14.02,20.88,21.14,18.69,"50, 60",15000
동,영주동,,,그 외,2등급,경상북도 영주시청,054-639-6944,2025-07-10,36.805,128.624,29,49,13.45,11.81,14.02,20.88,21.14,18.69,"50, 60",16700
동,영주동,,,그 외,2등급,경상북도 영주시청,054-639-6944,2025-07-10,36.805,128.624,12,78,13.45,11.81,14.02,20.88,21.14,18.69,"50, 60",8400
동,영주동,,65.3,단독,2등급,경상북도 영주시청,054-639-6944,2025-07-10,36.805,128.624,7,100,13.45,11.81,14.02,20.88,21.14,18.69,"50, 60",11100
동,영주동,,59.59,단독,3등급,경상북도 영주시청,054-639-6944,2025-07-10,36.805,128.624,19,84,13.45,11.81,14.02,20.88,21.14,18.69,"50, 60",13600
동,영주동,,,그 외,2등급,경상북도 영주시청,054-639-6944,2025-07-10,36.805,128.624,21,72,13.45,11.81,14.02,20.88,21.14,18.69,"50, 60",18800
동,영주동,,87.4,단독,1등급,경상북도 영주시청,054-639-6944,2025-07-10,36.805,128.624,28,64,13.45,11.81,14.02,20.88,21.14,18.69,"50, 60",7000
동,영주동,,37.45,단독,2등급,경상북도 영주시청,054-639-6944,2025-07-10,36.805,128.624,7,95,13.45,11.81,14.02,20.88,21.14,18.69,"50, 60",16800
동,영주동,,45.89,단독,3등급,경상북도 영주시청,054-639-6944,2025-07-10,36.805,128.624,21,89,13.45,11.81,14.02,20.88,21.14,18.69,"50, 60",17700
동,영주동,,23.38,단독,1등급,경상북도 영주시청,054-639-6944,2025-07-10,36.805,128.624,11,86,13.45,11.81,14.02,20.88,21.14,18.69,"50, 60",16600
동,영주동,,,그 외,4등급,경상북도 영주시청,054-639-6944,2025-07-10,36.805,128.624,28,33,13.45,11.81,14.02,20.88,21.14,18.69,"50, 60",11100
동,영주동,,48.4,단독,3등급,경상북도 영주시청,054-639-6944,2025-07-10,36.805,128.624,2,99,13.45,11.81,14.02,20.88,21.14,18.69,"50, 60",13200
동,영주동,,80.18,단독,1등급,경상북도 영주시청,054-639-6944,2025-07-10,36.805,128.624,22,72,13.45,11.81,14.02,20.88,21.14,18.69,"50, 60",19000
동,영주동,,,그 외,1등급,경상북도 영주시청,054-639-6944,2025-07-10,36.805,128.624,25,64,13.45,11.81,14.02,20.88,21.14,18.69,"50, 60",9700
동,영주동,,,그 외,3등급,경상북도 영주시청,054-639-6944,2025-07-10,36.805,128.624,21,67,13.45,11.81,14.02,20.88,21.14,18.69,"50, 60",19000
동,휴천동,,57.7,단독,2등급,경상북도 영주시청,054-639-6944,2025-07-10,36.810,128.610,14,95,19.23,13.41,13.35,18.5,12.22,23.28,"20,30",7400
동,휴천동,,43,단독,4등급,경상북도 영주시청,054-639-6944,2025-07-10,36.810,128.610,20,43,19.23,13.41,13.35,18.5,12.22,23.28,"20,30",13000
동,휴천동,,,그 외,3등급,경상북도 영주시청,054-639-6944,2025-07-10,36.810,128.610,7,51,19.23,13.41,13.35,18.5,12.22,23.28,"20,30",16700
동,휴천동,,68.44,단독,2등급,경상북도 영주시청,054-639-6944,2025-07-10,36.810,128.610,5,54,19.23,13.41,13.35,18.5,12.22,23.28,"20,30",15900
동,휴천동,,51.7,단독,3등급,경상북도 영주시청,054-639-6944,2025-07-10,36.810,128.610,5,70,19.23,13.41,13.35,18.5,12.22,23.28,"20,30",10700
동,휴천동,,105.8,그 외,2등급,경상북도 영주시청,054-639-6944,2025-07-10,36.810,128.610,21,69,19.23,13.41,13.35,18.5,12.22,23.28,"20,30",19400
동,휴천동,,,그 외,1등급,경상북도 영주시청,054-639-6944,2025-07-10,36.810,128.610,25,78,19.23,13.41,13.35,18.5,12.22,23.28,"20,30",7900
동,휴천동,,65.07,단독,1등급,경상북도 영주시청,054-639-6944,2025-07-10,36.810,128.610,10,65,19.23,13.41,13.35,18.5,12.22,23.28,"20,30",13000
동,휴천동,,,그 외,2등급,경상북도 영주시청,054-639-6944,2025-07-10,36.810,128.610,22,54,19.23,13.41,13.35,18.5,12.22,23.28,"20,30",15200
동,휴천동,,44.62,단독,2등급,경상북도 영주시청,054-639-6944,2025-07-10,36.810,128.610,2,89,19.23,13.41,13.35,18.5,12.22,23.28,"20,30",14700
동,휴천동,,,그 외,4등급,경상북도 영주시청,054-639-6944,2025-07-10,36.810,128.610,6,51,19.23,13.41,13.35,18.5,12.22,23.28,"20,30",7600
동,휴천동,,,그 외,2등급,경상북도 영주시청,054-639-6944,2025-07-10,36.810,128.610,4,99,19.23,13.41,13.35,18.5,12.22,23.28,"20,30",11800
동,휴천동,,28.76,단독,2등급,경상북도 영주시청,054-639-6944,2025-07-10,36.810,128.610,20,86,19.23,13.41,13.35,18.5,12.22,23.28,"20,30",17400
동,휴천동,,45.1,단독,2등급,경상북도 영주시청,054-639-6944,2025-07-10,36.810,128.610,29,92,19.23,13.41,13.35,18.5,12.22,23.28,"20,30",15500
동,휴천동,,,그 외,3등급,경상북도 영주시청,054-639-6944,2025-07-10,36.810,128.610,29,100,19.23,13.41,13.35,18.5,12.22,23.28,"20,30",19600
동,휴천동,,42,단독,3등급,경상북도 영주시청,054-639-6944,2025-07-10,36.810,128.610,1,60,19.23,13.41,13.35,18.5,12.22,23.28,"20,30",14700
동,휴천동,,42,단독,4등급,경상북도 영주시청,054-639-6944,2025-07-10,36.810,128.610,29,81,19.23,13.41,13.35,18.5,12.22,23.28,"20,30",8200
동,휴천동,,68.45,단독,1등급,경상북도 영주시청,054-639-6944,2025-07-10,36.810,128.610,4,45,19.23,13.41,13.35,18.5,12.22,23.28,"20,30",16000
동,휴천동,,52.2,단독,1등급,경상북도 영주시청,054-639-6944,2025-07-10,36.810,128.610,19,72,19.23,13.41,13.35,18.5,12.22,23.28,"20,30",16600
동,휴천동,,71.5,단독,1등급,경상북도 영주시청,054-639-6944,2025-07-10,36.810,128.610,30,92,19.23,13.41,13.35,18.5,12.22,23.28,"20,30",17600
동,휴천동,,75.97,단독,2등급,경상북도 영주시청,054-639-6944,2025-07-10,36.810,128.610,10,99,19.23,13.41,13.35,18.5,12.22,23.28,"20,30",11800
동,휴천동,,,그 외,4등급,경상북도 영주시청,054-639-6944,2025-07-10,36.810,128.610,2,41,19.23,13.41,13.35,18.5,12.22,23.28,"20,30",11500
동,휴천동,,96.12,단독,2등급,경상북도 영주시청,054-639-6944,2025-07-10,36.810,128.610,10,38,19.23,13.41,13.35,18.5,12.22,23.28,"20,30",14700
동,휴천동,,59.13,단독,2등급,경상북도 영주시청,054-639-6944,2025-07-10,36.810,128.610,17,93,19.23,13.41,13.35,18.5,12.22,23.28,"20,30",11000
동,휴천동,,,그 외,2등급,경상북도 영주시청,054-639-6944,2025-07-10,36.810,128.610,3,79,19.23,13.41,13.35,18.5,12.22,23.28,"20,30",8600
동,휴천동,,52.1,단독,1등급,경상북도 영주시청,054-639-6944,2025-07-10,36.810,128.610,26,50,19.23,13.41,13.35,18.5,12.22,23.28,"20,30",11900
동,휴천동,,43.97,단독,1등급,경상북도 영주시청,054-639-6944,2025-07-10,36.810,128.610,14,57,19.23,13.41,13.35,18.5,12.22,23.28,"20,30",18400
동,휴천동,,,그 외,1등급,경상북도 영주시청,054-639-6944,2025-07-10,36.810,128.610,3,76,19.23,13.41,13.35,18.5,12.22,23.28,"20,30",19600
동,휴천동,,,그 외,4등급,경상북도 영주시청,054-639-6944,2025-07-10,36.810,128.610,27,94,19.23,13.41,13.35,18.5,12.22,23.28,"20,30",12200
동,휴천동,,39.45,단독,1등급,경상북도 영주시청,054-639-6944,2025-07-10,36.810,128.610,18,93,19.23,13.41,13.35,18.5,12.22,23.28,"20,30",13300
동,휴천동,,41.92,단독,3등급,경상북도 영주시청,054-639-6944,2025-07-10,36.810,128.610,21,85,19.23,13.41,13.35,18.5,12.22,23.28,"20,30",17400
동,휴천동,,,그 외,2등급,경상북도 영주시청,054-639-6944,2025-07-10,36.810,128.610,27,99,19.23,13.41,13.35,18.5,12.22,23.28,"20,30",7100
동,휴천동,,23.14,단독,1등급,경상북도 영주시청,054-639-6944,2025-07-10,36.810,128.610,6,55,19.23,13.41,13.35,18.5,12.22,23.28,"20,30",11400
동,휴천동,,,그 외,2등급,경상북도 영주시청,054-639-6944,2025-07-10,36.810,128.610,5,71,19.23,13.41,13.35,18.5,12.22,23.28,"20,30",16800
동,휴천동,,41.23,단독,1등급,경상북도 영주시청,054-639-6944,2025-07-10,36.810,128.610,25,93,19.23,13.41,13.35,18.5,12.22,23.28,"20,30",7300
동,휴천동,,,그 외,2등급,경상북도 영주시청,054-639-6944,2025-07-10,36.810,128.610,30,89,19.23,13.41,13.35,18.5,12.22,23.28,"20,30",10500
동,휴천동,,,그 외,3등급,경상북도 영주시청,054-639-6944,2025-07-10,36.810,128.610,23,81,19.23,13.41,13.35,18.5,12.22,23.28,"20,30",17000
동,휴천동,,52.89,단독,2등급,경상북도 영주시청,054-639-6944,2025-07-10,36.810,128.610,24,81,19.23,13.41,13.35,18.5,12.22,23.28,"20,30",12200
동,휴천동,,67.9,단독,2등급,경상북도 영주시청,054-639-6944,2025-07-10,36.810,128.610,18,65,19.23,13.41,13.35,18.5,12.22,23.28,"20,30",11700
동,휴천동,,79.43,단독,3등급,경상북도 영주시청,054-639-6944,2025-07-10,36.810,128.610,30,32,19.23,13.41,13.35,18.5,12.22,23.28,"20,30",13800
동,휴천동,,49.23,단독,2등급,경상북도 영주시청,054-639-6944,2025-07-10,36.810,128.610,25,80,19.23,13.41,13.35,18.5,12.22,23.28,"20,30",10500
동,휴천동,,24.44,단독,2등급,경상북도 영주시청,054-639-6944,2025-07-10,36.810,128.610,29,53,19.23,13.41,13.35,18.5,12.22,23.28,"20,30",19600
동,휴천동,,,그 외,2등급,경상북도 영주시청,054-639-6944,2025-07-10,36.810,128.610,6,77,19.23,13.41,13.35,18.5,12.22,23.28,"20,30",17300
동,휴천동,,,그 외,2등급,경상북도 영주시청,054-639-6944,2025-07-10,36.810,128.610,24,65,19.23,13.41,13.35,18.5,12.22,23.28,"20,30",11300
동,휴천동,,46.84,단독,2등급,경상북도 영주시청,054-639-6944,2025-07-10,36.810,128.610,9,64,19.23,13.41,13.35,18.5,12.22,23.28,"20,30",16100
동,휴천동,,41.71,단독,1등급,경상북도 영주시청,054-639-6944,2025-07-10,36.810,128.610,12,92,19.23,13.41,13.35,18.5,12.22,23.28,"20,30",15400
동,휴천동,,33.63,단독,2등급,경상북도 영주시청,054-639-6944,2025-07-10,36.810,128.610,3,94,19.23,13.41,13.35,18.5,12.22,23.28,"20,30",14300
동,휴천동,,51.99,단독,1등급,경상북도 영주시청,054-639-6944,2025-07-10,36.810,128.610,10,23,19.23,13.41,13.35,18.5,12.22,23.28,"20,30",19900
동,휴천동,,,그 외,2등급,경상북도 영주시청,054-639-6944,2025-07-10,36.810,128.610,9,79,19.23,13.41,13.35,18.5,12.22,23.28,"20,30",14200
동,휴천동,,,그 외,1등급,경상북도 영주시청,054-639-6944,2025-07-10,36.810,128.610,22,92,19.23,13.41,13.35,18.5,12.22,23.28,"20,30",15900
동,휴천동,,62.35,단독,1등급,경상북도 영주시청,054-639-6944,2025-07-10,36.810,128.610,10,68,19.23,13.41,13.35,18.5,12.22,23.28,"20,30",10800
동,휴천동,,,그 외,2등급,경상북도 영주시청,054-639-6944,2025-07-10,36.810,128.610,17,97,19.23,13.41,13.35,18.5,12.22,23.28,"20,30",14300
동,휴천동,,41.44,단독,2등급,경상북도 영주시청,054-639-6944,2025-07-10,36.810,128.610,26,51,19.23,13.41,13.35,18.5,12.22,23.28,"20,30",19000
동,휴천동,,45.33,단독,1등급,경상북도 영주시청,054-639-6944,2025-07-10,36.810,128.610,11,88,19.23,13.41,13.35,18.5,12.22,23.28,"20,30",13900
동,휴천동,,79.81,단독,1등급,경상북도 영주시청,054-639-6944,2025-07-10,36.810,128.610,27,74,19.23,13.41,13.35,18.5,12.22,23.28,"20,30",10500
동,휴천동,,,그 외,1등급,경상북도 영주시청,054-639-6944,2025-07-10,36.810,128.610,23,100,19.23,13.41,13.35,18.5,12.22,23.28,"20,30",19100
동,휴천동,,86.5,단독,1등급,경상북도 영주시청,054-639-6944,2025-07-10,36.810,128.610,17,40,19.23,13.41,13.35,18.5,12.22,23.28,"20,30",9500
동,휴천동,,60.99,단독,1등급,경상북도 영주시청,054-639-6944,2025-07-10,36.810,128.610,23,53,19.23,13.41,13.35,18.5,12.22,23.28,"20,30",12100
동,휴천동,,63.63,그 외,1등급,경상북도 영주시청,054-639-6944,2025-07-10,36.810,128.610,17,64,19.23,13.41,13.35,18.5,12.22,23.28,"20,30",14900
동,휴천동,,92.97,단독,1등급,경상북도 영주시청,054-639-6944,2025-07-10,36.810,128.610,28,83,19.23,13.41,13.35,18.5,12.22,23.28,"20,30",11900
동,휴천동,,34.41,단독,2등급,경상북도 영주시청,054-639-6944,2025-07-10,36.810,128.610,3,70,19.23,13.41,13.35,18.5,12.22,23.28,"20,30",12500
동,휴천동,,,그 외,1등급,경상북도 영주시청,054-639-6944,2025-07-10,36.810,128.610,29,59,19.23,13.41,13.35,18.5,12.22,23.28,"20,30",10500
동,휴천동,,64.36,단독,1등급,경상북도 영주시청,054-639-6944,2025-07-10,36.810,128.610,5,59,19.23,13.41,13.35,18.5,12.22,23.28,"20,30",8800
동,휴천동,,50.23,단독,1등급,경상북도 영주시청,054-639-6944,2025-07-10,36.810,128.610,18,60,19.23,13.41,13.35,18.5,12.22,23.28,"20,30",10000
동,휴천동,,,그 외,1등급,경상북도 영주시청,054-639-6944,2025-07-10,36.810,128.610,28,40,19.23,13.41,13.35,18.5,12.22,23.28,"20,30",11500
동,휴천동,,42.3,단독,2등급,경상북도 영주시청,054-639-6944,2025-07-10,36.810,128.610,4,81,19.23,13.41,13.35,18.5,12.22,23.28,"20,30",18000
동,휴천동,,,그 외,4등급,경상북도 영주시청,054-639-6944,2025-07-10,36.810,128.610,22,67,19.23,13.41,13.35,18.5,12.22,23.28,"20,30",15700
동,휴천동,,,그 외,4등급,경상북도 영주시청,054-639-6944,2025-07-10,36.810,128.610,10,66,19.23,13.41,13.35,18.5,12.22,23.28,"20,30",16000
동,휴천동,,,그 외,4등급,경상북도 영주시청,054-639-6944,2025-07-10,36.810,128.610,27,88,19.23,13.41,13.35,18.5,12.22,23.28,"20,30",8900
동,휴천동,,44.88,단독,2등급,경상북도 영주시청,054-639-6944,2025-07-10,36.810,128.610,10,96,19.23,13.41,13.35,18.5,12.22,23.28,"20,30",17800
동,휴천동,,70.4,단독,3등급,경상북도 영주시청,054-639-6944,2025-07-10,36.810,128.610,28,29,19.23,13.41,13.35,18.5,12.22,23.28,"20,30",8300
동,가흥동,,,그 외,4등급,경상북도 영주시청,054-639-6944,2025-07-10,36.820,128.605,22,64,20.39,14.76,14.7,19.73,15.41,15.01,"20,50",19200
동,가흥동,,41.58,단독,1등급,경상북도 영주시청,054-639-6944,2025-07-10,36.820,128.605,4,93,20.39,14.76,14.7,19.73,15.41,15.01,"20,50",8300
동,가흥동,,,그 외,2등급,경상북도 영주시청,054-639-6944,2025-07-10,36.820,128.605,7,72,20.39,14.76,14.7,19.73,15.41,15.01,"20,50",7100
동,가흥동,,,그 외,2등급,경상북도 영주시청,054-639-6944,2025-07-10,36.820,128.605,4,46,20.39,14.76,14.7,19.73,15.41,15.01,"20,50",9000
동,가흥동,,,그 외,3등급,경상북도 영주시청,054-639-6944,2025-07-10,36.820,128.605,30,95,20.39,14.76,14.7,19.73,15.41,15.01,"20,50",16600
동,가흥동,,,그 외,3등급,경상북도 영주시청,054-639-6944,2025-07-10,36.820,128.605,28,57,20.39,14.76,14.7,19.73,15.41,15.01,"20,50",11200
동,가흥동,,,그 외,3등급,경상북도 영주시청,054-639-6944,2025-07-10,36.820,128.605,9,80,20.39,14.76,14.7,19.73,15.41,15.01,"20,50",9500
동,가흥동,,66.08,단독,1등급,경상북도 영주시청,054-639-6944,2025-07-10,36.820,128.605,2,94,20.39,14.76,14.7,19.73,15.41,15.01,"20,50",8600
동,가흥동,,,그 외,2등급,경상북도 영주시청,054-639-6944,2025-07-10,36.820,128.605,19,94,20.39,14.76,14.7,19.73,15.41,15.01,"20,50",19500
동,가흥동,,45.6,단독,1등급,경상북도 영주시청,054-639-6944,2025-07-10,36.820,128.605,20,92,20.39,14.76,14.7,19.73,15.41,15.01,"20,50",8800
동,가흥동,,,단독,1등급,경상북도 영주시청,054-639-6944,2025-07-10,36.820,128.605,5,81,20.39,14.76,14.7,19.73,15.41,15.01,"20,50",11700
동,가흥동,,,그 외,4등급,경상북도 영주시청,054-639-6944,2025-07-10,36.820,128.605,4,87,20.39,14.76,14.7,19.73,15.41,15.01,"20,50",11500
동,가흥동,,,단독,2등급,경상북도 영주시청,054-639-6944,2025-07-10,36.820,128.605,12,92,20.39,14.76,14.7,19.73,15.41,15.01,"20,50",14500
동,가흥동,,,그 외,3등급,경상북도 영주시청,054-639-6944,2025-07-10,36.820,128.605,12,93,20.39,14.76,14.7,19.73,15.41,15.01,"20,50",13400
동,가흥동,,50.85,단독,2등급,경상북도 영주시청,054-639-6944,2025-07-10,36.820,128.605,7,89,20.39,14.76,14.7,19.73,15.41,15.01,"20,50",18700
동,가흥동,,,단독,1등급,경상북도 영주시청,054-639-6944,2025-07-10,36.820,128.605,29,92,20.39,14.76,14.7,19.73,15.41,15.01,"20,50",9000
동,가흥동,,78.48,단독,1등급,경상북도 영주시청,054-639-6944,2025-07-10,36.820,128.605,15,80,20.39,14.76,14.7,19.73,15.41,15.01,"20,50",9200
동,가흥동,,,그 외,2등급,경상북도 영주시청,054-639-6944,2025-07-10,36.820,128.605,10,58,20.39,14.76,14.7,19.73,15.41,15.01,"20,50",11800
동,가흥동,,46.56,단독,2등급,경상북도 영주시청,054-639-6944,2025-07-10,36.820,128.605,15,99,20.39,14.76,14.7,19.73,15.41,15.01,"20,50",12400
동,가흥동,,52.2,단독,1등급,경상북도 영주시청,054-639-6944,2025-07-10,36.820,128.605,14,65,20.39,14.76,14.7,19.73,15.41,15.01,"20,50",19300
동,가흥동,,,그 외,1등급,경상북도 영주시청,054-639-6944,2025-07-10,36.820,128.605,30,42,20.39,14.76,14.7,19.73,15.41,15.01,"20,50",16500
동,가흥동,,,그 외,4등급,경상북도 영주시청,054-639-6944,2025-07-10,36.820,128.605,11,54,20.39,14.76,14.7,19.73,15.41,15.01,"20,50",9900
동,가흥동,,74.07,단독,1등급,경상북도 영주시청,054-639-6944,2025-07-10,36.820,128.605,2,40,20.39,14.76,14.7,19.73,15.41,15.01,"20,50",18200
동,가흥동,,42.7,단독,2등급,경상북도 영주시청,054-639-6944,2025-07-10,36.820,128.605,26,86,20.39,14.76,14.7,19.73,15.41,15.01,"20,50",13300
동,가흥동,,37.94,단독,1등급,경상북도 영주시청,054-639-6944,2025-07-10,36.820,128.605,9,32,20.39,14.76,14.7,19.73,15.41,15.01,"20,50",14700
동,가흥동,,61.04,단독,3등급,경상북도 영주시청,054-639-6944,2025-07-10,36.820,128.605,26,60,20.39,14.76,14.7,19.73,15.41,15.01,"20,50",15800
동,가흥동,,44.95,단독,2등급,경상북도 영주시청,054-639-6944,2025-07-10,36.820,128.605,30,98,20.39,14.76,14.7,19.73,15.41,15.01,"20,50",16400
동,가흥동,,,단독,2등급,경상북도 영주시청,054-639-6944,2025-07-10,36.820,128.605,6,99,20.39,14.76,14.7,19.73,15.41,15.01,"20,50",11800
동,가흥동,,,그 외,2등급,경상북도 영주시청,054-639-6944,2025-07-10,36.820,128.605,25,99,20.39,14.76,14.7,19.73,15.41,15.01,"20,50",17100
동,가흥동,,,그 외,1등급,경상북도 영주시청,054-639-6944,2025-07-10,36.820,128.605,15,49,20.39,14.76,14.7,19.73,15.41,15.01,"20,50",9200
동,가흥동,,,그 외,3등급,경상북도 영주시청,054-639-6944,2025-07-10,36.820,128.605,30,98,20.39,14.76,14.7,19.73,15.41,15.01,"20,50",19300
동,가흥동,,,그 외,2등급,경상북도 영주시청,054-639-6944,2025-07-10,36.820,128.605,7,100,20.39,14.76,14.7,19.73,15.41,15.01,"20,50",8200
동,가흥동,,,그 외,2등급,경상북도 영주시청,054-639-6944,2025-07-10,36.820,128.605,11,70,20.39,14.76,14.7,19.73,15.41,15.01,"20,50",12200
동,가흥동,,,그 외,4등급,경상북도 영주시청,054-639-6944,2025-07-10,36.820,128.605,6,80,20.39,14.76,14.7,19.73,15.41,15.01,"20,50",14700
동,가흥동,,,그 외,3등급,경상북도 영주시청,054-639-6944,2025-07-10,36.820,128.605,25,76,20.39,14.76,14.7,19.73,15.41,15.01,"20,50",18300
동,가흥동,,,그 외,3등급,경상북도 영주시청,054-639-6944,2025-07-10,36.820,128.605,26,52,20.39,14.76,14.7,19.73,15.41,15.01,"20,50",8200
동,가흥동,,,그 외,4등급,경상북도 영주시청,054-639-6944,2025-07-10,36.820,128.605,17,86,20.39,14.76,14.7,19.73,15.41,15.01,"20,50",19300
동,가흥동,,42.9,단독,1등급,경상북도 영주시청,054-639-6944,2025-07-10,36.820,128.605,1,79,20.39,14.76,14.7,19.73,15.41,15.01,"20,50",7000
동,가흥동,,,그 외,1등급,경상북도 영주시청,054-639-6944,2025-07-10,36.820,128.605,11,45,20.39,14.76,14.7,19.73,15.41,15.01,"20,50",17200
동,가흥동,,,그 외,4등급,경상북도 영주시청,054-639-6944,2025-07-10,36.820,128.605,7,82,20.39,14.76,14.7,19.73,15.41,15.01,"20,50",16100
동,가흥동,,,그 외,2등급,경상북도 영주시청,054-639-6944,2025-07-10,36.820,128.605,8,95,20.39,14.76,14.7,19.73,15.41,15.01,"20,50",8900
동,가흥동,,,그 외,3등급,경상북도 영주시청,054-639-6944,2025-07-10,36.820,128.605,22,85,20.39,14.76,14.7,19.73,15.41,15.01,"20,50",14000
동,가흥동,,88.18,단독,2등급,경상북도 영주시청,054-639-6944,2025-07-10,36.820,128.605,21,61,20.39,14.76,14.7,19.73,15.41,15.01,"20,50",8200
동,가흥동,,43.95,단독,2등급,경상북도 영주시청,054-639-6944,2025-07-10,36.820,128.605,13,71,20.39,14.76,14.7,19.73,15.41,15.01,"20,50",18700
동,가흥동,,52.8,단독,2등급,경상북도 영주시청,054-639-6944,2025-07-10,36.820,128.605,15,60,20.39,14.76,14.7,19.73,15.41,15.01,"20,50",19500
동,가흥동,,124.74,단독,3등급,경상북도 영주시청,054-639-6944,2025-07-10,36.820,128.605,13,83,20.39,14.76,14.7,19.73,15.41,15.01,"20,50",10000
동,가흥동,,,그 외,3등급,경상북도 영주시청,054-639-6944,2025-07-10,36.820,128.605,14,79,20.39,14.76,14.7,19.73,15.41,15.01,"20,50",16600
동,가흥동,,69.64,단독,1등급,경상북도 영주시청,054-639-6944,2025-07-10,36.820,128.605,30,80,20.39,14.76,14.7,19.73,15.41,15.01,"20,50",13500
동,가흥동,,53.52,단독,1등급,경상북도 영주시청,054-639-6944,2025-07-10,36.820,128.605,24,62,20.39,14.76,14.7,19.73,15.41,15.01,"20,50",12500
동,가흥동,,66.42,단독,1등급,경상북도 영주시청,054-639-6944,2025-07-10,36.820,128.605,22,87,20.39,14.76,14.7,19.73,15.41,15.01,"20,50",17100
동,가흥동,,41.88,단독,2등급,경상북도 영주시청,054-639-6944,2025-07-10,36.820,128.605,6,55,20.39,14.76,14.7,19.73,15.41,15.01,"20,50",15300
동,가흥동,,54.6,단독,2등급,경상북도 영주시청,054-639-6944,2025-07-10,36.820,128.605,3,56,20.39,14.76,14.7,19.73,15.41,15.01,"20,50",9400
동,가흥동,,135.43,단독,1등급,경상북도 영주시청,054-639-6944,2025-07-10,36.820,128.605,28,86,20.39,14.76,14.7,19.73,15.41,15.01,"20,50",16600
동,가흥동,,133.23,단독,2등급,경상북도 영주시청,054-639-6944,2025-07-10,36.820,128.605,18,30,20.39,14.76,14.7,19.73,15.41,15.01,"20,50",7800
동,가흥동,,,그 외,4등급,경상북도 영주시청,054-639-6944,2025-07-10,36.820,128.605,30,80,20.39,14.76,14.7,19.73,15.41,15.01,"20,50",8300
동,가흥동,,,그 외,1등급,경상북도 영주시청,054-639-6944,2025-07-10,36.820,128.605,21,80,20.39,14.76,14.7,19.73,15.41,15.01,"20,50",18700
동,가흥동,,,그 외,2등급,경상북도 영주시청,054-639-6944,2025-07-10,36.820,128.605,12,65,20.39,14.76,14.7,19.73,15.41,15.01,"20,50",16100
동,가흥동,,,그 외,3등급,경상북도 영주시청,054-639-6944,2025-07-10,36.820,128.605,24,81,20.39,14.76,14.7,19.73,15.41,15.01,"20,50",11000
동,가흥동,,,그 외,2등급,경상북도 영주시청,054-639-6944,2025-07-10,36.820,128.605,17,74,20.39,14.76,14.7,19.73,15.41,15.01,"20,50",18000
동,가흥동,,35.97,단독,2등급,경상북도 영주시청,054-639-6944,2025-07-10,36.820,128.605,25,61,20.39,14.76,14.7,19.73,15.41,15.01,"20,50",16500
동,가흥동,,116.09,단독,3등급,경상북도 영주시청,054-639-6944,2025-07-10,36.820,128.605,1,46,20.39,14.76,14.7,19.73,15.41,15.01,"20,50",14900
동,가흥동,,,그 외,2등급,경상북도 영주시청,054-639-6944,2025-07-10,36.820,128.605,17,92,20.39,14.76,14.7,19.73,15.41,15.01,"20,50",17800
동,가흥동,,,그 외,1등급,경상북도 영주시청,054-639-6944,2025-07-10,36.820,128.605,14,84,20.39,14.76,14.7,19.73,15.41,15.01,"20,50",18100
동,가흥동,,45,단독,2등급,경상북도 영주시청,054-639-6944,2025-07-10,36.820,128.605,10,85,20.39,14.76,14.7,19.73,15.41,15.01,"20,50",15900
동,가흥동,,,그 외,2등급,경상북도 영주시청,054-639-6944,2025-07-10,36.820,128.605,9,52,20.39,14.76,14.7,19.73,15.41,15.01,"20,50",10600
동,가흥동,,,그 외,4등급,경상북도 영주시청,054-639-6944,2025-07-10,36.820,128.605,15,42,20.39,14.76,14.7,19.73,15.41,15.01,"20,50",12500
동,가흥동,,52,단독,2등급,경상북도 영주시청,054-639-6944,2025-07-10,36.820,128.605,6,56,20.39,14.76,14.7,19.73,15.41,15.01,"20,50",17100
동,가흥동,,59.05,단독,1등급,경상북도 영주시청,054-639-6944,2025-07-10,36.820,128.605,10,49,20.39,14.76,14.7,19.73,15.41,15.01,"20,50",13000
동,가흥동,,82.89,단독,1등급,경상북도 영주시청,054-639-6944,2025-07-10,36.820,128.605,27,76,20.39,14.76,14.7,19.73,15.41,15.01,"20,50",10300
동,가흥동,,103.8,그 외,2등급,경상북도 영주시청,054-639-6944,2025-07-10,36.820,128.605,4,88,20.39,14.76,14.7,19.73,15.41,15.01,"20,50",14300
동,가흥동,,62.52,단독,1등급,경상북도 영주시청,054-639-6944,2025-07-10,36.820,128.605,18,49,20.39,14.76,14.7,19.73,15.41,15.01,"20,50",15400
동,가흥동,,,그 외,2등급,경상북도 영주시청,054-639-6944,2025-07-10,36.820,128.605,25,52,20.39,14.76,14.7,19.73,15.41,15.01,"20,50",12700
동,가흥동,,,그 외,2등급,경상북도 영주시청,054-639-6944,2025-07-10,36.820,128.605,2,55,20.39,14.76,14.7,19.73,15.41,15.01,"20,50",13100
동,가흥동,,,그 외,1등급,경상북도 영주시청,054-639-6944,2025-07-10,36.820,128.605,17,85,20.39,14.76,14.7,19.73,15.41,15.01,"20,50",14900
동,가흥동,,,그 외,4등급,경상북도 영주시청,054-639-6944,2025-07-10,36.820,128.605,2,43,20.39,14.76,14.7,19.73,15.41,15.01,"20,50",16200
동,가흥동,,,그 외,2등급,경상북도 영주시청,054-639-6944,2025-07-10,36.820,128.605,29,45,20.39,14.76,14.7,19.73,15.41,15.01,"20,50",10400
동,가흥동,,129.29,단독,3등급,경상북도 영주시청,054-639-6944,2025-07-10,36.820,128.605,10,65,20.39,14.76,14.7,19.73,15.41,15.01,"20,50",13400
동,가흥동,,,그 외,1등급,경상북도 영주시청,054-639-6944,2025-07-10,36.820,128.605,28,98,20.39,14.76,14.7,19.73,15.41,15.01,"20,50",16300
동,가흥동,,,그 외,2등급,경상북도 영주시청,054-639-6944,2025-07-10,36.820,128.605,1,74,20.39,14.76,14.7,19.73,15.41,15.01,"20,50",16600
동,가흥동,,47.3,단독,3등급,경상북도 영주시청,054-639-6944,2025-07-10,36.820,128.605,23,72,20.39,14.76,14.7,19.73,15.41,15.01,"20,50",9300
동,가흥동,,52,단독,2등급,경상북도 영주시청,054-639-6944,2025-07-10,36.820,128.605,26,72,20.39,14.76,14.7,19.73,15.41,15.01,"20,50",12100
동,가흥동,,,그 외,2등급,경상북도 영주시청,054-639-6944,2025-07-10,36.820,128.605,11,100,20.39,14.76,14.7,19.73,15.41,15.01,"20,50",18100
동,가흥동,,36,단독,2등급,경상북도 영주시청,054-639-6944,2025-07-10,36.820,128.605,12,85,20.39,14.76,14.7,19.73,15.41,15.01,"20,50",18100
동,가흥동,,,그 외,2등급,경상북도 영주시청,054-639-6944,2025-07-10,36.820,128.605,11,95,20.39,14.76,14.7,19.73,15.41,15.01,"20,50",17100
동,가흥동,,29,단독,4등급,경상북도 영주시청,054-639-6944,2025-07-10,36.820,128.605,27,84,20.39,14.76,14.7,19.73,15.41,15.01,"20,50",13700
동,가흥동,,,그 외,2등급,경상북도 영주시청,054-639-6944,2025-07-10,36.820,128.605,15,76,20.39,14.76,14.7,19.73,15.41,15.01,"20,50",9700